codigo_dominio_em,nombre_dominio_em,codigo_localidad,localidad,tipo_dominio,codigos_upz,n_hogares_muestra,hogares_expandidos_em2021,area_km2,pct_deficit_cualitativo,n_validos_deficit_cualitativo,hogares_validos_exp_deficit_cualitativo,pct_deficit_cuantitativo,n_validos_deficit_cuantitativo,hogares_validos_exp_deficit_cuantitativo,pct_pobreza_monetaria_hogares,n_validos_pobreza_monetaria_hogares,hogares_validos_exp_pobreza_monetaria_hogares,pct_pobreza_multidimensional_hogares,n_validos_pobreza_multidimensional_hogares,hogares_validos_exp_pobreza_multidimensional_hogares,pct_jefatura_femenina,n_validos_jefatura_femenina,hogares_validos_exp_jefatura_femenina,pct_otra_tenencia,n_validos_otra_tenencia,hogares_validos_exp_otra_tenencia,pct_propietarios_sin_escritura,n_validos_propietarios_sin_escritura,hogares_validos_exp_propietarios_sin_escritura,pct_via_mala,n_validos_via_mala,hogares_validos_exp_via_mala,pct_iluminacion_insuficiente,n_validos_iluminacion_insuficiente,hogares_validos_exp_iluminacion_insuficiente,pct_basuras_inadecuadas,n_validos_basuras_inadecuadas,hogares_validos_exp_basuras_inadecuadas,pct_inundacion_reportada,n_validos_inundacion_reportada,hogares_validos_exp_inundacion_reportada,pct_derrumbe_reportado,n_validos_derrumbe_reportado,hogares_validos_exp_derrumbe_reportado,pct_hundimiento_reportado,n_validos_hundimiento_reportado,hogares_validos_exp_hundimiento_reportado,pct_tenencia_proxy,n_validos_tenencia_proxy,hogares_validos_exp_tenencia_proxy,pct_riesgo_reportado_alguno,n_validos_riesgo_reportado_alguno,hogares_validos_exp_riesgo_reportado_alguno,vivienda_registros_publicados,vivienda_ids_distintos,vivienda_programados,vivienda_en_ejecucion,vivienda_asistencia_ejecutada,vivienda_no_ejecutables,titulacion_registros_publicados,titulacion_ids_distintos,titulacion_registros_fecha_2021_mas,barrios_registros_publicados,barrios_ids_distintos,barrios_elementos_estado_codigo_0,barrios_elementos_estado_codigo_1,barrios_elementos_estado_codigo_2,reasentamiento_registros_publicados,reasentamiento_ids_distintos,reasentamiento_estado_codigo_1,reasentamiento_estado_codigo_2,reasentamiento_estado_codigo_3,reasentamiento_estado_codigo_4,reasentamiento_ids_prefijo_2021_2026,curaduria_registros_publicados,curaduria_ids_distintos,pct_area_condicion_riesgo_masa_codigo_3,pct_area_amenaza_inundacion_codigo_3,pct_area_amenaza_inundacion_codigo_1,pct_area_amenaza_inundacion_codigo_2,vivienda_registros_por_1000_hogares_em2021,titulacion_registros_por_1000_hogares_em2021,barrios_elementos_por_km2,reasentamiento_registros_por_1000_hogares_em2021,curaduria_registros_por_1000_hogares_em2021,lineas_con_registro_publicado,hogares_proyectados_2021,hogares_proyectados_2026,indice_tenencia_relativo,indice_vivienda_relativo,indice_riesgo_reportado_relativo,entorno_proxy_pct_medio,indice_entorno_relativo,indice_necesidad_exploratorio_4dim,necesidad_peso_doble_vivienda,necesidad_peso_doble_riesgo,indice_presencia_ejecutada_2021_mas,brecha_total_validada,ranking_priorizacion_validado,indice_riesgo_integrado_validado,estado_analisis,riesgo_POT_estado,fecha_validacion,alcance_vivienda,periodos_presencia
9,Verbenal,1,Usaquén,UPZ,9,909,45259.57663,3.555029,7.465927,909,45259.57663,0.727628,909,45259.57663,22.744236,909,45259.57663,3.108008,909,45259.57663,48.436869,909,45259.57663,5.607415,909,45259.57663,18.911752,354,16648.188499,5.314919,864,43234.539246,20.266569,909,45259.57663,12.531029,909,45259.57663,3.269866,904,45063.55627,4.11842,907,45171.010374,1.462088,903,44987.820505,12.563874,909,45259.57663,6.707021,907,45171.010374,0,0,0,0,0,0,0,0,0,11,4,0,11,0,88,88,23,35,23,7,0,0,0,3.013778,0.0,0.0,0.0,0.0,0.0,3.094208,1.94434,0.0,2,44460.0,49298.0,43.655226,25.898311,24.547045,12.704172,28.697123,30.699426,29.739203,29.46895,,,,,PRELIMINAR_NO_COBERTURA,INTEGRADO_GPKG_CRS_VERIFICADO_CODIGOS_SIN_ETIQUETAR,2026-10-06,SOLO_PLAN_TERRAZAS,TODOS_LOS_REGISTROS_PUBLICADOS_NO_PERIODO_COMUN
11,San Cristóbal Norte,1,Usaquén,UPZ,11,923,25513.981668,2.750565,10.919014,923,25513.981668,1.523251,923,25513.981668,37.798098,923,25513.981668,5.126985,923,25513.981668,45.431403,923,25513.981668,12.706472,923,25513.981668,13.167069,276,7363.178187,1.379874,843,23589.046904,16.113972,923,25513.981668,9.969637,923,25513.981668,2.459013,911,25162.335022,9.226752,911,25162.335022,2.045583,911,25162.335022,16.506407,923,25513.981668,10.791499,911,25162.335022,0,0,0,0,0,0,0,0,0,6,3,0,6,0,316,316,233,46,17,20,102,0,0,9.634879,0.0,0.0,0.0,0.0,0.0,2.18137,12.385366,0.0,2,24172.0,24860.0,60.469632,38.500783,40.270482,9.154494,19.81485,39.763937,39.511306,39.865246,,,,,PRELIMINAR_NO_COBERTURA,INTEGRADO_GPKG_CRS_VERIFICADO_CODIGOS_SIN_ETIQUETAR,2026-10-06,SOLO_PLAN_TERRAZAS,TODOS_LOS_REGISTROS_PUBLICADOS_NO_PERIODO_COMUN
12,Toberín,1,Usaquén,UPZ,12,930,22957.645833,2.9043,4.850633,930,22957.645833,0.113332,930,22957.645833,11.712368,930,22957.645833,0.841784,930,22957.645833,43.760134,930,22957.645833,2.185054,930,22957.645833,6.351627,524,12494.276346,2.75476,888,21806.491833,17.049318,930,22957.645833,9.468935,930,22957.645833,1.805702,927,22881.226518,0.0,927,22881.226518,1.346307,927,22881.226518,5.64181,930,22957.645833,3.152009,927,22881.226518,0,0,0,0,0,0,0,0,0,0,0,0,0,0,0,0,0,0,0,0,0,0,0,0.0,0.0,0.0,0.0,0.0,0.0,0.0,0.0,0.0,0,23078.0,24255.0,14.133491,16.353472,10.861816,9.757671,21.324165,15.668236,15.805283,14.706952,,,,,PRELIMINAR_NO_COBERTURA,INTEGRADO_GPKG_CRS_VERIFICADO_CODIGOS_SIN_ETIQUETAR,2026-10-06,SOLO_PLAN_TERRAZAS,TODOS_LOS_REGISTROS_PUBLICADOS_NO_PERIODO_COMUN
13,Los Cedros,1,Usaquén,UPZ,13,1088,60683.625414,6.717238,0.369769,1088,60683.625414,0.072864,1088,60683.625414,5.380459,1088,60683.625414,0.374094,1088,60683.625414,45.696041,1088,60683.625414,1.470375,1088,60683.625414,3.813893,670,36812.786086,0.461378,970,54293.721156,1.84255,1088,60683.625414,1.403362,1088,60683.625414,0.23963,1084,60446.342717,0.23963,1084,60446.342717,0.330435,1084,60446.342717,3.784014,1088,60683.625414,0.330435,1084,60446.342717,0,0,0,0,0,0,0,0,0,0,0,0,0,0,0,0,0,0,0,0,0,0,0,2.031784,0.0,0.0,0.0,0.0,0.0,0.0,0.0,0.0,0,58056.0,63698.0,6.210227,0.0,0.0,1.235763,0.0,1.552557,1.242045,1.242045,,,,,PRELIMINAR_NO_COBERTURA,INTEGRADO_GPKG_CRS_VERIFICADO_CODIGOS_SIN_ETIQUETAR,2026-10-06,SOLO_PLAN_TERRAZAS,TODOS_LOS_REGISTROS_PUBLICADOS_NO_PERIODO_COMUN
14,Usaquén,1,Usaquén,UPZ,14,1039,18594.911572,4.922966,2.775102,1039,18594.911572,0.05438,1039,18594.911572,8.695669,1039,18594.911572,0.66975,1039,18594.911572,43.772527,1039,18594.911572,1.514293,1039,18594.911572,5.684974,643,10995.613671,2.009993,1012,18018.603851,7.726087,1039,18594.911572,3.269465,1039,18594.911572,0.82643,1028,18422.005533,0.949779,1027,18413.126536,0.439155,1027,18413.126536,4.875953,1039,18594.911572,1.541416,1027,18413.126536,0,0,0,0,0,0,0,0,0,0,0,0,0,0,24,24,12,7,3,2,0,0,0,3.374704,0.0,0.0,0.0,0.0,0.0,0.0,1.290676,0.0,1,16773.0,18076.0,10.867209,8.778562,4.661743,4.335182,7.755601,8.015779,8.168336,7.344972,,,,,PRELIMINAR_NO_COBERTURA,INTEGRADO_GPKG_CRS_VERIFICADO_CODIGOS_SIN_ETIQUETAR,2026-10-06,SOLO_PLAN_TERRAZAS,TODOS_LOS_REGISTROS_PUBLICADOS_NO_PERIODO_COMUN
18,Britalia,11,Suba,UPZ,18,890,37061.714112,3.283928,3.081849,890,37061.714112,0.217879,890,37061.714112,8.092613,890,37061.714112,1.072364,890,37061.714112,45.656974,890,37061.714112,2.156225,890,37061.714112,10.013816,463,19111.155996,1.769174,880,36623.248704,13.213951,890,37061.714112,17.150649,890,37061.714112,1.776112,890,37061.714112,0.246319,890,37061.714112,4.336221,888,36981.154422,7.319926,890,37061.714112,5.478766,888,36981.154422,0,0,0,0,0,0,0,0,0,0,0,0,0,0,0,0,0,0,0,0,0,0,0,0.0,0.0,0.0,0.0,0.0,0.0,0.0,0.0,0.0,0,34891.0,38809.0,21.290445,9.898074,19.818803,10.711258,23.710302,18.679406,16.923139,18.907285,,,,,PRELIMINAR_NO_COBERTURA,INTEGRADO_GPKG_CRS_VERIFICADO_CODIGOS_SIN_ETIQUETAR,2026-10-06,SOLO_PLAN_TERRAZAS,TODOS_LOS_REGISTROS_PUBLICADOS_NO_PERIODO_COMUN
19,El Prado,11,Suba,UPZ,19,934,41576.77214,4.33056,2.011174,934,41576.77214,0.797831,934,41576.77214,7.872519,934,41576.77214,0.991069,934,41576.77214,48.337363,934,41576.77214,2.167243,934,41576.77214,10.381391,509,22783.585229,1.298005,913,40622.593861,13.583209,934,41576.77214,9.933608,934,41576.77214,1.893614,931,41422.709967,0.405927,931,41422.709967,8.860209,928,41270.337269,7.856124,934,41576.77214,10.56701,928,41270.337269,0,0,0,0,0,0,0,0,0,0,0,0,0,0,0,0,0,0,0,0,0,0,0,0.0,0.0,0.0,0.0,0.0,0.0,0.0,0.0,0.0,0,39528.0,39351.0,23.577263,5.990509,39.406299,8.271607,17.605624,21.644924,18.514041,25.197199,,,,,PRELIMINAR_NO_COBERTURA,INTEGRADO_GPKG_CRS_VERIFICADO_CODIGOS_SIN_ETIQUETAR,2026-10-06,SOLO_PLAN_TERRAZAS,TODOS_LOS_REGISTROS_PUBLICADOS_NO_PERIODO_COMUN
20,La Alhambra,11,Suba,UPZ,20,1013,19287.161015,2.845459,0.705229,1013,19287.161015,0.18029,1013,19287.161015,5.370271,1013,19287.161015,0.219336,1013,19287.161015,44.144647,1013,19287.161015,2.845842,1013,19287.161015,5.672523,657,12617.8696,0.718206,978,18641.418188,7.046929,1013,19287.161015,9.148918,1013,19287.161015,1.510619,1010,19238.464163,0.884591,1009,19216.228682,3.653164,1009,19214.822423,6.556868,1013,19287.161015,4.188301,1008,19192.586942,0,0,0,0,0,0,0,0,0,0,0,0,0,0,0,0,0,0,0,0,0,0,0,0.0,0.0,0.0,0.0,0.0,0.0,0.0,0.0,0.0,0,18204.0,17576.0,18.0361,1.224303,14.851082,5.638018,11.015655,11.281785,9.270289,11.995645,,,,,PRELIMINAR_NO_COBERTURA,INTEGRADO_GPKG_CRS_VERIFICADO_CODIGOS_SIN_ETIQUETAR,2026-10-06,SOLO_PLAN_TERRAZAS,TODOS_LOS_REGISTROS_PUBLICADOS_NO_PERIODO_COMUN
21,Los Andes,12,Barrios Unidos,UPZ,21,899,11665.96189,2.745965,1.976009,899,11665.96189,1.008894,899,11665.96189,14.217481,899,11665.96189,0.968258,899,11665.96189,46.099199,899,11665.96189,5.706671,899,11665.96189,9.700884,514,6035.035485,1.383364,879,11369.702745,13.355087,899,11665.96189,9.111102,899,11665.96189,1.548011,895,11616.829844,0.359589,895,11616.829844,0.651544,894,11594.528989,10.725132,899,11665.96189,1.842252,894,11594.528989,0,0,0,0,0,0,0,0,0,0,0,0,0,0,0,0,0,0,0,0,0,0,0,0.0,0.797895,0.0,0.0,0.0,0.0,0.0,0.0,0.0,0,10474.0,11483.0,35.813221,5.862172,5.819828,7.949851,16.8005,16.07393,14.031579,14.02311,,,,,PRELIMINAR_NO_COBERTURA,INTEGRADO_GPKG_CRS_VERIFICADO_CODIGOS_SIN_ETIQUETAR,2026-10-06,SOLO_PLAN_TERRAZAS,TODOS_LOS_REGISTROS_PUBLICADOS_NO_PERIODO_COMUN
23,Casa Blanca Suba,11,Suba,UPZ,23,852,22249.28023,4.20147,2.444691,852,22249.28023,0.113259,852,22249.28023,10.449884,852,22249.28023,0.630715,852,22249.28023,37.619061,852,22249.28023,0.927653,852,22249.28023,6.825008,535,13729.19787,0.276356,753,19760.421516,3.643079,852,22249.28023,1.365985,852,22249.28023,0.227907,841,21960.00899,0.0,841,21960.00899,0.310434,841,21960.00899,5.13911,852,22249.28023,0.538341,841,21960.00899,0,0,0,0,0,0,0,0,0,0,0,0,0,0,0,0,0,0,0,0,0,0,0,4.031618,0.0,0.0,0.0,0.0,0.0,0.0,0.0,0.0,0,21331.0,24173.0,11.989539,7.572686,0.800346,1.761807,1.316306,5.419719,5.850313,4.495845,,,,,PRELIMINAR_NO_COBERTURA,INTEGRADO_GPKG_CRS_VERIFICADO_CODIGOS_SIN_ETIQUETAR,2026-10-06,SOLO_PLAN_TERRAZAS,TODOS_LOS_REGISTROS_PUBLICADOS_NO_PERIODO_COMUN
24,Niza,11,Suba,UPZ,24,934,31282.051934,7.559895,3.239273,934,31282.051934,0.725045,934,31282.051934,8.211428,934,31282.051934,1.022133,934,31282.051934,44.576836,934,31282.051934,3.805752,934,31282.051934,7.341718,631,20647.755458,1.833702,921,30808.062839,5.665172,934,31282.051934,5.906545,934,31282.051934,1.007497,930,31150.985842,0.696211,932,31223.972016,1.761885,929,31096.94841,8.651662,934,31282.051934,2.606253,928,31058.821617,0,0,0,0,0,0,0,0,0,0,0,0,0,0,0,0,0,0,0,0,0,0,0,0.508916,0.0,0.0,0.0,0.0,0.0,0.0,0.0,0.0,0,30044.0,30375.0,26.970135,10.472611,8.760896,4.468473,8.089132,13.573194,12.953077,12.610734,,,,,PRELIMINAR_NO_COBERTURA,INTEGRADO_GPKG_CRS_VERIFICADO_CODIGOS_SIN_ETIQUETAR,2026-10-06,SOLO_PLAN_TERRAZAS,TODOS_LOS_REGISTROS_PUBLICADOS_NO_PERIODO_COMUN
25,La Floresta,11,Suba,UPZ,25,882,17348.691818,3.931626,2.04313,882,17348.691818,0.0,882,17348.691818,6.35204,882,17348.691818,0.820248,882,17348.691818,43.028076,882,17348.691818,1.525834,882,17348.691818,7.508324,545,10801.22031,2.192829,875,17215.349065,12.365857,882,17348.691818,4.534272,882,17348.691818,1.335954,852,16779.434708,0.119723,853,16798.911119,2.547223,851,16757.371981,6.200484,882,17348.691818,3.645788,850,16737.89557,0,0,0,0,0,0,0,0,0,0,0,0,0,0,0,0,0,0,0,0,0,0,0,0.510298,3.093619,0.289472,0.09258,0.0,0.0,0.0,0.0,0.0,0,16835.0,18559.0,16.516166,6.10714,12.762646,6.364319,12.833063,12.054754,10.865231,12.196332,,,,,PRELIMINAR_NO_COBERTURA,INTEGRADO_GPKG_CRS_VERIFICADO_CODIGOS_SIN_ETIQUETAR,2026-10-06,SOLO_PLAN_TERRAZAS,TODOS_LOS_REGISTROS_PUBLICADOS_NO_PERIODO_COMUN
26,Las Ferias,10,Engativá,UPZ,26,840,37199.339361,4.729645,6.58795,840,37199.339361,0.782456,840,37199.339361,25.07796,840,37199.339361,2.656831,840,37199.339361,44.282053,840,37199.339361,1.114789,840,37199.339361,16.636844,306,12562.107821,0.0,809,35596.620749,7.165631,840,37199.339361,9.197244,840,37199.339361,1.304883,838,37103.091368,0.097079,837,37045.009942,0.529789,798,35425.887618,6.733003,840,37199.339361,1.792974,799,35464.63487,0,0,0,0,0,0,3,3,1,0,0,0,0,0,0,0,0,0,0,0,0,0,0,0.0,0.903318,0.042909,0.0,0.0,0.080647,0.0,0.0,0.0,1,38943.0,41034.0,18.787293,22.694027,5.63013,5.454292,10.555922,14.416843,16.07228,12.6595,,,,,PRELIMINAR_NO_COBERTURA,INTEGRADO_GPKG_CRS_VERIFICADO_CODIGOS_SIN_ETIQUETAR,2026-10-06,SOLO_PLAN_TERRAZAS,TODOS_LOS_REGISTROS_PUBLICADOS_NO_PERIODO_COMUN
27,Suba,11,Suba,UPZ,27,847,63913.704136,6.523787,5.160285,847,63913.704136,0.202166,847,63913.704136,18.855471,847,63913.704136,2.395983,847,63913.704136,38.983112,847,63913.704136,3.048988,847,63913.704136,14.638508,444,32278.118907,4.065665,824,62173.728571,13.065241,847,63913.704136,6.366643,847,63913.704136,1.634682,845,63799.927562,0.634071,844,63725.118262,0.412958,843,63652.417247,10.441824,847,63913.704136,2.022671,843,63647.245211,0,0,0,0,0,0,3,3,0,0,0,0,0,0,0,0,0,0,0,0,0,0,0,1.972597,0.0,0.0,0.0,0.0,0.046938,0.0,0.0,0.0,1,64210.0,77558.0,34.604947,17.483584,6.514364,7.832516,16.506897,18.777448,18.518675,16.324831,,,,,PRELIMINAR_NO_COBERTURA,INTEGRADO_GPKG_CRS_VERIFICADO_CODIGOS_SIN_ETIQUETAR,2026-10-06,SOLO_PLAN_TERRAZAS,TODOS_LOS_REGISTROS_PUBLICADOS_NO_PERIODO_COMUN
28,El Rincón,11,Suba,UPZ,28,843,99770.738863,7.095208,10.357545,843,99770.738863,0.592934,843,99770.738863,34.482658,843,99770.738863,4.533846,843,99770.738863,43.86469,843,99770.738863,6.216587,843,99770.738863,5.485911,312,34319.03131,2.22877,817,96692.46156,21.850272,843,99770.738863,37.677744,843,99770.738863,3.123253,841,99486.495114,0.328915,842,99683.992441,1.212519,841,99538.199303,8.103625,843,99770.738863,3.816107,840,99340.701976,0,0,0,0,0,0,98,98,96,9,3,0,3,6,14,14,1,4,0,9,0,0,0,0.690573,4.694521,0.023828,0.030334,0.0,0.982252,1.268462,0.140322,0.0,3,95044.0,96206.0,24.632823,36.451632,13.4183,20.585595,48.418619,30.730344,31.874601,27.267935,,,,,PRELIMINAR_NO_COBERTURA,INTEGRADO_GPKG_CRS_VERIFICADO_CODIGOS_SIN_ETIQUETAR,2026-10-06,SOLO_PLAN_TERRAZAS,TODOS_LOS_REGISTROS_PUBLICADOS_NO_PERIODO_COMUN
29,Minuto de Dios,10,Engativá,UPZ,29,818,40808.786913,3.72966,5.645644,818,40808.786913,1.664385,818,40808.786913,24.902975,818,40808.786913,2.551276,818,40808.786913,43.969661,818,40808.786913,4.214848,818,40808.786913,9.151201,368,17532.019724,0.307656,750,37521.266946,11.368897,818,40808.786913,17.67651,818,40808.786913,0.641123,818,40808.786913,0.206524,818,40808.786913,0.419252,817,40759.628225,8.146331,818,40808.786913,0.958072,817,40759.628225,0,0,0,0,0,0,0,0,0,0,0,0,0,0,0,0,0,0,0,0,0,0,0,0.0,1.702224,0.01524,0.0,0.0,0.0,0.0,0.0,0.0,0,39282.0,38754.0,24.814959,19.254962,2.416125,9.784354,21.390934,16.969245,17.426388,14.058621,,,,,PRELIMINAR_NO_COBERTURA,INTEGRADO_GPKG_CRS_VERIFICADO_CODIGOS_SIN_ETIQUETAR,2026-10-06,SOLO_PLAN_TERRAZAS,TODOS_LOS_REGISTROS_PUBLICADOS_NO_PERIODO_COMUN
30,Boyacá Real,10,Engativá,UPZ,30,894,47066.34409,4.53419,4.048598,894,47066.34409,0.362499,894,47066.34409,19.837013,894,47066.34409,1.54898,894,47066.34409,46.928607,894,47066.34409,6.079189,894,47066.34409,7.017772,378,18160.420649,0.218853,843,44314.821631,8.767102,894,47066.34409,19.311867,894,47066.34409,1.535389,891,46936.009987,0.332883,891,46936.009987,0.536307,890,46897.023334,8.786978,894,47066.34409,1.739812,890,46897.023334,0,0,0,0,0,0,0,0,0,0,0,0,0,0,0,0,0,0,0,0,0,0,0,0.0,0.0,0.0,0.0,0.0,0.0,0.0,0.0,0.0,0,47742.0,51808.0,27.547237,13.426343,5.425482,9.432607,20.510766,16.727457,16.067234,14.467062,,,,,PRELIMINAR_NO_COBERTURA,INTEGRADO_GPKG_CRS_VERIFICADO_CODIGOS_SIN_ETIQUETAR,2026-10-06,SOLO_PLAN_TERRAZAS,TODOS_LOS_REGISTROS_PUBLICADOS_NO_PERIODO_COMUN
32,San Blas,4,San Cristóbal,UPZ,32,876,33637.863585,3.99712,11.814044,876,33637.863585,3.436822,876,33637.863585,50.646346,876,33637.863585,6.064119,876,33637.863585,46.416679,876,33637.863585,12.880616,876,33637.863585,15.840948,370,13416.69507,3.150636,816,31313.712646,15.584013,876,33637.863585,17.951705,876,33637.863585,7.365661,865,33195.999952,5.034091,864,33180.541646,5.366728,865,33198.908305,19.198888,876,33637.863585,10.85841,865,33195.999952,8,8,2,6,0,0,30,30,7,63,25,0,63,0,414,414,117,216,20,61,4,9,9,8.539868,0.341549,0.015056,0.0,0.237827,0.891852,15.761347,12.307559,0.267556,5,34349.0,38334.0,71.952727,41.767306,40.528059,12.228785,27.507574,45.438916,44.704594,44.456745,,,,,PRELIMINAR_NO_COBERTURA,INTEGRADO_GPKG_CRS_VERIFICADO_CODIGOS_SIN_ETIQUETAR,2026-10-06,SOLO_PLAN_TERRAZAS,TODOS_LOS_REGISTROS_PUBLICADOS_NO_PERIODO_COMUN
33,Sosiego,4,San Cristóbal,UPZ,33,776,15697.959969,2.347284,5.6555,776,15697.959969,0.578104,776,15697.959969,26.155993,776,15697.959969,2.437251,776,15697.959969,43.116982,776,15697.959969,6.425698,776,15697.959969,11.535405,349,6803.357224,0.328975,756,15285.754268,14.26134,776,15697.959969,24.065416,776,15697.959969,3.326238,775,15680.482958,2.465337,775,15680.482958,2.266462,775,15680.482958,11.425041,776,15697.959969,4.330218,775,15680.482958,0,0,0,0,0,0,1,1,1,0,0,0,0,0,12,12,10,0,2,0,0,0,0,3.036496,1.495494,0.17998,0.025475,0.0,0.063703,0.0,0.764431,0.0,2,14753.0,16193.0,38.798247,19.290933,15.3974,12.885244,29.150215,25.659199,24.385546,23.606839,,,,,PRELIMINAR_NO_COBERTURA,INTEGRADO_GPKG_CRS_VERIFICADO_CODIGOS_SIN_ETIQUETAR,2026-10-06,SOLO_PLAN_TERRAZAS,TODOS_LOS_REGISTROS_PUBLICADOS_NO_PERIODO_COMUN
34,20 de Julio,4,San Cristóbal,UPZ,34,913,26907.76457,2.623257,9.874883,913,26907.76457,1.058029,913,26907.76457,40.298204,913,26907.76457,4.088676,913,26907.76457,42.638723,913,26907.76457,2.730533,913,26907.76457,12.326224,308,8397.322912,1.384619,866,25385.50745,15.357348,913,26907.76457,24.185729,913,26907.76457,4.328469,912,26875.129945,1.301348,912,26883.565751,1.800129,911,26850.931126,6.577277,913,26907.76457,6.167145,912,26883.565751,0,0,0,0,0,0,8,8,4,0,0,0,0,0,203,203,116,34,20,33,0,0,0,6.935831,0.0,0.0,0.0,0.0,0.297312,0.0,7.544291,0.0,2,27529.0,28921.0,18.123142,34.690096,22.468761,13.642565,31.045243,26.58181,28.203467,25.7592,,,,,PRELIMINAR_NO_COBERTURA,INTEGRADO_GPKG_CRS_VERIFICADO_CODIGOS_SIN_ETIQUETAR,2026-10-06,SOLO_PLAN_TERRAZAS,TODOS_LOS_REGISTROS_PUBLICADOS_NO_PERIODO_COMUN
35,Ciudad Jardín,15,Antonio Nariño,UPZ,35,821,9385.69692,1.331326,6.463756,821,9385.69692,0.815966,821,9385.69692,23.741314,821,9385.69692,3.342217,821,9385.69692,47.211147,821,9385.69692,4.770566,821,9385.69692,10.624506,298,3098.350725,0.936581,788,9020.859938,18.869429,821,9385.69692,13.50537,821,9385.69692,1.642647,813,9289.428034,0.0,813,9289.428034,0.663864,813,9289.428034,8.277865,821,9385.69692,2.306511,813,9289.428034,0,0,0,0,0,0,0,0,0,0,0,0,0,0,0,0,0,0,0,0,0,0,0,0.0,0.987547,0.527283,0.047216,0.0,0.0,0.0,0.0,0.0,0,8976.0,9783.0,25.375936,22.240765,7.607021,11.103793,24.692534,19.979064,20.431404,17.504655,,,,,PRELIMINAR_NO_COBERTURA,INTEGRADO_GPKG_CRS_VERIFICADO_CODIGOS_SIN_ETIQUETAR,2026-10-06,SOLO_PLAN_TERRAZAS,TODOS_LOS_REGISTROS_PUBLICADOS_NO_PERIODO_COMUN
36,San José,18,Rafael Uribe Uribe,UPZ,36,831,18503.134988,2.077809,5.010237,831,18503.134988,0.268218,831,18503.134988,30.753668,831,18503.134988,2.147477,831,18503.134988,47.664493,831,18503.134988,8.234209,831,18503.134988,12.161927,312,6492.04665,0.432794,721,16268.636273,6.18534,831,18503.134988,15.055122,831,18503.134988,2.831399,818,18246.272475,0.142539,818,18246.272475,0.298192,818,18246.272475,12.501367,831,18503.134988,2.831399,818,18246.272475,0,0,0,0,0,0,1,1,1,0,0,0,0,0,0,0,0,0,0,0,0,0,0,0.46611,0.0,0.0,0.0,0.0,0.054045,0.0,0.0,0.0,1,16935.0,17908.0,43.388642,16.935966,9.627608,7.224419,14.985268,21.234371,20.37469,18.913019,,,,,PRELIMINAR_NO_COBERTURA,INTEGRADO_GPKG_CRS_VERIFICADO_CODIGOS_SIN_ETIQUETAR,2026-10-06,SOLO_PLAN_TERRAZAS,TODOS_LOS_REGISTROS_PUBLICADOS_NO_PERIODO_COMUN
37,Santa Isabel,14,Los Mártires,UPZ,37,1077,17718.773548,2.003023,11.111622,1077,17718.773548,1.942737,1077,17718.773548,32.751853,1077,17718.773548,3.559818,1077,17718.773548,51.387322,1077,17718.773548,5.369509,1077,17718.773548,13.737131,359,5247.359662,1.318651,1058,17395.830689,12.88472,1077,17718.773548,17.791619,1077,17718.773548,6.267806,1076,17708.197431,1.028823,1076,17708.197431,0.969388,1076,17708.197431,9.437718,1077,17718.773548,6.267806,1076,17708.197431,0,0,0,0,0,0,0,0,0,0,0,0,0,0,0,0,0,0,0,0,0,0,0,0.0,0.0,0.0,0.0,0.0,0.0,0.0,0.0,0.0,0,16755.0,18543.0,30.322562,39.203731,22.85626,10.664997,23.594544,28.994274,31.036166,27.766671,,,,,PRELIMINAR_NO_COBERTURA,INTEGRADO_GPKG_CRS_VERIFICADO_CODIGOS_SIN_ETIQUETAR,2026-10-06,SOLO_PLAN_TERRAZAS,TODOS_LOS_REGISTROS_PUBLICADOS_NO_PERIODO_COMUN
38,Restrepo,15,Antonio Nariño,UPZ,38,749,18831.954084,3.54432,8.059133,749,18831.954084,0.449619,749,18831.954084,20.234759,749,18831.954084,3.28313,749,18831.954084,50.103816,749,18831.954084,2.899969,749,18831.954084,14.242544,332,7620.97565,1.019778,743,18685.377302,29.354753,749,18831.954084,27.60965,749,18831.954084,5.340424,745,18738.461985,0.901734,744,18707.74348,1.929858,743,18680.128828,8.663688,749,18831.954084,6.391658,743,18675.546937,0,0,0,0,0,0,1,1,0,0,0,0,0,0,0,0,0,0,0,0,0,0,0,0.0,0.946821,0.0,0.0,0.0,0.053101,0.0,0.0,0.0,1,19886.0,20847.0,27.02142,28.063291,23.333037,19.328061,45.27192,30.922417,30.350592,29.404541,,,,,PRELIMINAR_NO_COBERTURA,INTEGRADO_GPKG_CRS_VERIFICADO_CODIGOS_SIN_ETIQUETAR,2026-10-06,SOLO_PLAN_TERRAZAS,TODOS_LOS_REGISTROS_PUBLICADOS_NO_PERIODO_COMUN
39,Quiroga,18,Rafael Uribe Uribe,UPZ,39,869,34690.217692,3.751768,10.645171,869,34690.217692,0.459194,869,34690.217692,41.125667,869,34690.217692,4.980775,869,34690.217692,48.861099,869,34690.217692,4.048227,869,34690.217692,16.763624,312,11731.478783,1.803879,807,32447.952062,9.692747,869,34690.217692,34.606282,869,34690.217692,6.648609,859,34248.777824,0.129701,859,34248.777824,0.666026,858,34172.944612,9.717321,869,34690.217692,7.073935,858,34172.944612,0,0,0,0,0,0,0,0,0,0,0,0,0,0,0,0,0,0,0,0,0,0,0,0.0,0.0,0.0,0.0,0.0,0.0,0.0,0.0,0.0,0,33328.0,35801.0,31.515035,37.501358,25.959501,15.367636,35.361845,32.584435,33.56782,31.259448,,,,,PRELIMINAR_NO_COBERTURA,INTEGRADO_GPKG_CRS_VERIFICADO_CODIGOS_SIN_ETIQUETAR,2026-10-06,SOLO_PLAN_TERRAZAS,TODOS_LOS_REGISTROS_PUBLICADOS_NO_PERIODO_COMUN
40,Ciudad Montes,16,Puente Aranda,UPZ,40,820,37069.252701,4.452226,3.26203,820,37069.252701,0.267948,820,37069.252701,26.21994,820,37069.252701,2.573995,820,37069.252701,40.61592,820,37069.252701,1.863597,820,37069.252701,8.227034,349,14920.114558,0.415785,777,35276.12172,13.448155,820,37069.252701,10.170189,820,37069.252701,1.061533,814,36794.437187,0.329998,814,36794.437187,0.611091,813,36760.441883,5.174921,820,37069.252701,1.251848,813,36760.441883,0,0,0,0,0,0,0,0,0,0,0,0,0,0,0,0,0,0,0,0,0,0,0,0.0,1.066308,0.0,0.0,0.0,0.0,0.0,0.0,0.0,0,36616.0,39470.0,12.14227,10.555665,3.547033,8.011377,16.954454,10.799855,10.751017,9.349291,,,,,PRELIMINAR_NO_COBERTURA,INTEGRADO_GPKG_CRS_VERIFICADO_CODIGOS_SIN_ETIQUETAR,2026-10-06,SOLO_PLAN_TERRAZAS,TODOS_LOS_REGISTROS_PUBLICADOS_NO_PERIODO_COMUN
41,Muzú,16,Puente Aranda,UPZ,41,800,20810.568177,2.526202,4.100952,800,20810.568177,0.609739,800,20810.568177,21.74483,800,20810.568177,1.809907,800,20810.568177,44.283378,800,20810.568177,2.375629,800,20810.568177,4.879424,295,7354.067702,1.102426,723,18737.739822,13.615217,800,20810.568177,15.46595,800,20810.568177,1.068923,799,20785.698991,0.149281,799,20785.698991,1.562102,799,20785.698991,4.099926,800,20810.568177,2.315837,799,20785.698991,0,0,0,0,0,0,0,0,0,0,0,0,0,0,0,0,0,0,0,0,0,0,0,0.0,0.0,0.0,0.0,0.0,0.0,0.0,0.0,0.0,0,20954.0,22651.0,7.557551,13.617418,7.642922,10.061198,22.083672,12.725391,12.903796,11.708897,,,,,PRELIMINAR_NO_COBERTURA,INTEGRADO_GPKG_CRS_VERIFICADO_CODIGOS_SIN_ETIQUETAR,2026-10-06,SOLO_PLAN_TERRAZAS,TODOS_LOS_REGISTROS_PUBLICADOS_NO_PERIODO_COMUN
42,Venecia,6,Tunjuelito,UPZ,42,917,55481.488194,6.633123,9.067773,917,55481.488194,0.4987,917,55481.488194,32.946362,917,55481.488194,3.118598,917,55481.488194,49.833394,917,55481.488194,2.007822,917,55481.488194,15.697109,330,18523.714739,1.401005,892,53779.750683,18.829748,917,55481.488194,33.963219,917,55481.488194,9.662733,916,55424.543988,0.608713,916,55424.543988,1.835612,916,55424.543988,7.248647,917,55481.488194,10.891224,916,55424.543988,0,0,0,0,0,0,1,1,0,0,0,0,0,0,0,0,0,0,0,0,0,0,0,0.0,3.418392,0.124035,0.156411,0.0,0.018024,0.0,0.0,0.0,1,50036.0,54217.0,20.986451,31.74445,40.654381,18.064658,42.110538,33.873955,33.448054,35.23004,,,,,PRELIMINAR_NO_COBERTURA,INTEGRADO_GPKG_CRS_VERIFICADO_CODIGOS_SIN_ETIQUETAR,2026-10-06,SOLO_PLAN_TERRAZAS,TODOS_LOS_REGISTROS_PUBLICADOS_NO_PERIODO_COMUN
43,San Rafael,16,Puente Aranda,UPZ,43,949,25228.754617,3.290496,8.020305,949,25228.754617,0.673226,949,25228.754617,22.850397,949,25228.754617,3.117434,949,25228.754617,43.592166,949,25228.754617,1.566251,949,25228.754617,12.28545,417,10782.965645,1.560632,925,24549.18771,20.522306,949,25228.754617,23.120953,949,25228.754617,1.920913,925,24576.759321,0.169099,926,24600.454065,1.166185,925,24569.672411,6.817148,949,25228.754617,2.973022,924,24545.977667,0,0,0,0,0,0,0,0,0,0,0,0,0,0,0,0,0,0,0,0,0,0,0,0.0,0.775805,0.0,0.0,0.0,0.0,0.0,0.0,0.0,0,27216.0,28847.0,19.146161,27.921585,10.172797,15.067964,34.611983,22.963131,23.954822,20.405064,,,,,PRELIMINAR_NO_COBERTURA,INTEGRADO_GPKG_CRS_VERIFICADO_CODIGOS_SIN_ETIQUETAR,2026-10-06,SOLO_PLAN_TERRAZAS,TODOS_LOS_REGISTROS_PUBLICADOS_NO_PERIODO_COMUN
44,Américas,8,Kennedy,UPZ,44,913,30997.881104,3.806653,2.580331,913,30997.881104,0.487159,913,30997.881104,16.406553,913,30997.881104,1.835075,913,30997.881104,46.265473,913,30997.881104,2.434443,913,30997.881104,7.197695,417,13792.639688,0.217337,892,30233.347007,8.088964,913,30997.881104,13.866106,913,30997.881104,0.29987,906,30726.238736,0.096329,906,30726.238736,0.321876,906,30726.238736,5.637088,913,30997.881104,0.525418,906,30726.238736,0,0,0,0,0,0,51,51,14,0,0,0,0,0,0,0,0,0,0,0,0,0,0,0.0,0.646396,0.0,0.0,0.0,1.645274,0.0,0.0,0.0,1,28219.0,29682.0,14.113355,8.067721,0.750598,7.390802,15.401607,9.58332,9.2802,7.816776,,,,,PRELIMINAR_NO_COBERTURA,INTEGRADO_GPKG_CRS_VERIFICADO_CODIGOS_SIN_ETIQUETAR,2026-10-06,SOLO_PLAN_TERRAZAS,TODOS_LOS_REGISTROS_PUBLICADOS_NO_PERIODO_COMUN
45,Carvajal,8,Kennedy,UPZ,45,861,30890.612747,4.382431,8.484643,861,30890.612747,1.57067,861,30890.612747,29.561196,861,30890.612747,3.337598,861,30890.612747,38.393523,861,30890.612747,5.597853,861,30890.612747,14.430782,368,12618.472107,2.866229,845,30358.240142,23.279296,861,30890.612747,27.180419,861,30890.612747,4.859785,861,30890.612747,0.338845,861,30890.612747,1.436706,856,30725.77335,11.492667,861,30890.612747,5.730814,856,30725.77335,0,0,0,0,0,0,0,0,0,0,0,0,0,0,3,3,1,2,0,0,0,0,0,0.0,0.345588,0.0,0.0,0.0,0.0,0.0,0.097117,0.0,1,31748.0,32153.0,39.086661,29.616244,20.789078,17.775315,41.386521,32.719626,32.09895,30.333516,,,,,PRELIMINAR_NO_COBERTURA,INTEGRADO_GPKG_CRS_VERIFICADO_CODIGOS_SIN_ETIQUETAR,2026-10-06,SOLO_PLAN_TERRAZAS,TODOS_LOS_REGISTROS_PUBLICADOS_NO_PERIODO_COMUN
47,Kennedy Central,8,Kennedy,UPZ,47,868,33895.947457,3.369446,4.79035,868,33895.947457,0.16726,868,33895.947457,22.143071,868,33895.947457,2.28125,868,33895.947457,45.651966,868,33895.947457,2.281325,868,33895.947457,7.589928,397,15653.220893,2.947901,844,33035.452821,19.409863,868,33895.947457,23.504834,868,33895.947457,4.660212,855,33422.249168,1.164429,853,33343.732838,0.932647,854,33385.898589,5.78637,868,33895.947457,5.117018,854,33380.083417,0,0,0,0,0,0,0,0,0,0,0,0,0,0,0,0,0,0,0,0,0,0,0,0.0,0.0,0.0,0.0,0.0,0.0,0.0,0.0,0.0,0,34024.0,34676.0,14.750023,16.13346,18.426232,15.287533,35.161405,21.11778,20.120916,20.57947,,,,,PRELIMINAR_NO_COBERTURA,INTEGRADO_GPKG_CRS_VERIFICADO_CODIGOS_SIN_ETIQUETAR,2026-10-06,SOLO_PLAN_TERRAZAS,TODOS_LOS_REGISTROS_PUBLICADOS_NO_PERIODO_COMUN
48,Timiza,8,Kennedy,UPZ,48,828,48132.233901,4.300952,6.76525,828,48132.233901,1.159659,828,48132.233901,32.017116,828,48132.233901,2.732179,828,48132.233901,60.912872,828,48132.233901,1.956839,828,48132.233901,7.249316,397,23204.853309,5.143972,778,45320.542392,12.087171,828,48132.233901,20.68091,828,48132.233901,2.580221,828,48132.233901,0.80754,828,48132.233901,2.914336,828,48132.233901,5.45178,828,48132.233901,4.511339,828,48132.233901,0,0,0,0,0,0,0,0,0,0,0,0,0,0,56,56,44,10,2,0,0,0,0,0.0,3.44973,0.594607,0.277614,0.0,0.0,0.0,1.163461,0.0,1,49362.0,52402.0,13.323037,23.341105,16.094637,12.637351,28.529919,20.322175,20.925961,19.476667,,,,,PRELIMINAR_NO_COBERTURA,INTEGRADO_GPKG_CRS_VERIFICADO_CODIGOS_SIN_ETIQUETAR,2026-10-06,SOLO_PLAN_TERRAZAS,TODOS_LOS_REGISTROS_PUBLICADOS_NO_PERIODO_COMUN
49,Apogeo,7,Bosa,UPZ,49,895,11491.694366,2.104159,9.536762,895,11491.694366,0.882847,895,11491.694366,33.245128,895,11491.694366,4.915616,895,11491.694366,42.19852,895,11491.694366,2.290679,895,11491.694366,6.630094,423,5282.9396,4.610803,865,11104.447609,6.931168,895,11491.694366,16.357062,895,11491.694366,5.759254,894,11481.127405,0.212883,894,11481.127405,0.888701,894,11481.127405,5.338653,895,11491.694366,6.435073,894,11481.127405,0,0,0,0,0,0,1,1,0,0,0,0,0,0,0,0,0,0,0,0,0,0,0,0.0,3.61514,0.51535,0.317516,0.0,0.087019,0.0,0.0,0.0,1,13785.0,13216.0,12.840564,33.456083,23.500165,9.299678,20.178139,22.493738,24.686207,22.695023,,,,,PRELIMINAR_NO_COBERTURA,INTEGRADO_GPKG_CRS_VERIFICADO_CODIGOS_SIN_ETIQUETAR,2026-10-06,SOLO_PLAN_TERRAZAS,TODOS_LOS_REGISTROS_PUBLICADOS_NO_PERIODO_COMUN
50,La Gloria,4,San Cristóbal,UPZ,50,876,33016.308146,3.85549,14.016242,876,33016.308146,0.529455,876,33016.308146,45.741432,876,33016.308146,5.548945,876,33016.308146,45.17317,876,33016.308146,10.298079,876,33016.308146,13.860153,272,9971.525089,3.515381,860,32353.952392,28.228018,876,33016.308146,34.982255,876,33016.308146,8.939762,873,32903.346269,7.590358,874,32952.70171,4.077398,873,32903.346269,14.484097,876,33016.308146,13.339147,874,32952.70171,71,71,0,10,61,0,32,32,11,7,3,0,4,3,1211,1211,356,490,51,314,11,82,82,10.39798,0.0,0.0,0.0,2.150452,0.969218,1.815593,36.678844,2.483621,5,31295.0,33202.0,51.844736,49.804502,50.077802,22.241884,52.563112,51.072538,50.818931,50.873591,,,,,PRELIMINAR_NO_COBERTURA,INTEGRADO_GPKG_CRS_VERIFICADO_CODIGOS_SIN_ETIQUETAR,2026-10-06,SOLO_PLAN_TERRAZAS,TODOS_LOS_REGISTROS_PUBLICADOS_NO_PERIODO_COMUN
51,Los Libertadores,4,San Cristóbal,UPZ,51,923,26393.759665,3.646475,12.782094,923,26393.759665,0.870467,923,26393.759665,46.757953,923,26393.759665,5.572754,923,26393.759665,44.387645,923,26393.759665,7.606571,923,26393.759665,20.274535,397,10569.989956,1.464294,799,22612.418139,12.877267,923,26393.759665,17.215086,923,26393.759665,3.53362,917,26255.592453,2.03324,916,26221.828173,1.601805,917,26255.592453,15.725976,923,26393.759665,5.415617,916,26221.828173,32,32,18,14,0,0,27,27,26,12,7,0,12,0,725,724,249,239,45,192,1,43,43,6.201646,0.0,0.0,0.0,1.212408,1.022969,3.290849,27.468614,1.629173,5,24834.0,27485.0,57.141193,45.300325,19.575708,10.518882,23.228925,36.311538,38.109295,32.964372,,,,,PRELIMINAR_NO_COBERTURA,INTEGRADO_GPKG_CRS_VERIFICADO_CODIGOS_SIN_ETIQUETAR,2026-10-06,SOLO_PLAN_TERRAZAS,TODOS_LOS_REGISTROS_PUBLICADOS_NO_PERIODO_COMUN
52,La Flora,5,Usme,UPZ,52,756,6762.234654,1.875658,22.345983,756,6762.234654,11.478438,756,6762.234654,68.550154,756,6762.234654,15.26651,756,6762.234654,41.559643,756,6762.234654,6.738622,756,6762.234654,35.877878,315,2786.627659,10.62142,315,2692.837492,33.641484,756,6762.234654,60.182648,756,6762.234654,14.604096,756,6762.234654,13.597453,755,6753.655325,12.518924,754,6744.839361,21.523422,756,6762.234654,23.803496,755,6753.655325,59,59,40,19,0,0,0,0,0,45,16,0,3,42,70,70,64,3,2,1,61,99,99,28.004169,0.0,0.0,0.0,8.724926,0.0,23.991576,10.351608,14.640131,4,6402.0,7356.0,81.866572,80.204931,90.360932,34.815184,84.024976,84.114353,83.332468,85.363669,,,,,PRELIMINAR_NO_COBERTURA,INTEGRADO_GPKG_CRS_VERIFICADO_CODIGOS_SIN_ETIQUETAR,2026-10-06,SOLO_PLAN_TERRAZAS,TODOS_LOS_REGISTROS_PUBLICADOS_NO_PERIODO_COMUN
53,Marco Fidel Suárez,18,Rafael Uribe Uribe,UPZ,53,854,18328.179787,1.843891,10.421897,854,18328.179787,1.396288,854,18328.179787,53.376021,854,18328.179787,9.461298,854,18328.179787,50.862026,854,18328.179787,7.061719,854,18328.179787,9.552231,241,4476.889513,1.232804,688,14660.609768,13.260276,854,18328.179787,29.37022,854,18328.179787,10.732421,841,18036.607149,5.667912,838,17967.221569,4.667296,839,17986.656339,9.394973,854,18328.179787,17.213629,839,17991.704988,1,1,1,0,0,0,15,15,11,0,0,0,0,0,117,117,17,41,4,55,0,1,1,3.559402,0.0,0.0,0.0,0.054561,0.818412,0.0,6.383613,0.054561,4,15998.0,15459.0,30.140259,36.686492,64.992849,14.6211,33.493806,41.328352,40.39998,46.061251,,,,,PRELIMINAR_NO_COBERTURA,INTEGRADO_GPKG_CRS_VERIFICADO_CODIGOS_SIN_ETIQUETAR,2026-10-06,SOLO_PLAN_TERRAZAS,TODOS_LOS_REGISTROS_PUBLICADOS_NO_PERIODO_COMUN
54,Marruecos,18,Rafael Uribe Uribe,UPZ,54,897,38696.07521,3.625986,11.115828,897,38696.07521,2.149522,897,38696.07521,44.979791,897,38696.07521,6.939208,897,38696.07521,37.60897,897,38696.07521,5.959507,897,38696.07521,7.898899,358,14536.824884,3.708495,803,34491.55146,15.597562,897,38696.07521,16.70076,897,38696.07521,5.060685,850,36737.099654,5.388453,851,36752.316943,3.947481,851,36752.316943,8.92686,897,38696.07521,9.373972,850,36737.099654,11,11,7,4,0,0,0,0,0,12,5,0,12,0,342,342,114,115,24,89,0,11,11,17.587692,0.0,0.0,0.0,0.284267,0.0,3.309445,8.838106,0.284267,4,37130.0,41938.0,28.143819,39.219082,34.813629,12.002272,26.940777,32.279327,33.667278,32.786187,,,,,PRELIMINAR_NO_COBERTURA,INTEGRADO_GPKG_CRS_VERIFICADO_CODIGOS_SIN_ETIQUETAR,2026-10-06,SOLO_PLAN_TERRAZAS,TODOS_LOS_REGISTROS_PUBLICADOS_NO_PERIODO_COMUN
55,Diana Turbay,18,Rafael Uribe Uribe,UPZ,55,871,26469.746768,2.112642,14.101891,871,26469.746768,1.194365,871,26469.746768,56.916566,871,26469.746768,9.707758,871,26469.746768,46.522868,871,26469.746768,2.502944,871,26469.746768,15.650781,294,8293.198595,1.469999,812,24473.134541,15.097103,871,26469.746768,30.377825,871,26469.746768,6.714786,810,24565.916461,4.125839,809,24539.418398,2.237075,801,24319.336086,7.406468,871,26469.746768,10.20888,810,24565.916461,30,30,18,12,0,0,39,39,31,26,12,0,26,0,1456,1456,135,1077,141,103,19,42,42,15.835013,0.0,0.0,0.0,1.133369,1.47338,12.306867,55.006193,1.586717,5,25634.0,27469.0,21.659535,50.11709,38.027658,15.648309,36.064166,36.467112,39.197108,36.779221,,,,,PRELIMINAR_NO_COBERTURA,INTEGRADO_GPKG_CRS_VERIFICADO_CODIGOS_SIN_ETIQUETAR,2026-10-06,SOLO_PLAN_TERRAZAS,TODOS_LOS_REGISTROS_PUBLICADOS_NO_PERIODO_COMUN
57,Gran Yomasa,5,Usme,UPZ,57,806,42792.744111,5.353704,12.251566,806,42792.744111,1.023601,806,42792.744111,49.66569,806,42792.744111,7.979314,806,42792.744111,46.785399,806,42792.744111,4.244959,806,42792.744111,10.253971,329,16461.526934,1.060455,664,34888.57036,16.898284,806,42792.744111,49.483931,806,42792.744111,5.58464,803,42574.703572,1.145701,800,42383.544012,1.009291,801,42428.154714,8.189461,806,42792.744111,6.445438,801,42399.154294,69,69,60,9,0,0,18,18,18,33,12,0,33,0,464,464,88,273,31,72,3,96,96,5.094427,0.096542,0.0,0.0,1.612423,0.420632,6.163957,10.84296,2.243371,5,42020.0,44344.0,24.998902,43.364098,23.540065,22.48089,53.161169,36.266058,37.685666,33.72086,,,,,PRELIMINAR_NO_COBERTURA,INTEGRADO_GPKG_CRS_VERIFICADO_CODIGOS_SIN_ETIQUETAR,2026-10-06,SOLO_PLAN_TERRAZAS,TODOS_LOS_REGISTROS_PUBLICADOS_NO_PERIODO_COMUN
58,Comuneros,5,Usme,UPZ,58,822,32150.914652,4.926417,11.735148,822,32150.914652,1.831728,822,32150.914652,49.236724,822,32150.914652,6.837275,822,32150.914652,39.900855,822,32150.914652,3.008371,822,32150.914652,8.756975,320,12254.585344,2.669485,670,26100.899047,15.713524,822,32150.914652,41.487315,822,32150.914652,5.523701,805,31493.088313,1.155343,805,31495.377,1.432762,805,31509.078419,6.346164,822,32150.914652,7.240471,805,31495.377,61,61,49,12,0,0,0,0,0,2,1,0,2,0,103,103,81,19,3,0,66,78,78,0.744501,1.602251,0.097593,0.009098,1.897302,0.0,0.405975,3.203641,2.426059,4,31186.0,34305.0,17.137472,41.479366,26.60059,19.956775,46.845137,33.015641,34.708386,31.732631,,,,,PRELIMINAR_NO_COBERTURA,INTEGRADO_GPKG_CRS_VERIFICADO_CODIGOS_SIN_ETIQUETAR,2026-10-06,SOLO_PLAN_TERRAZAS,TODOS_LOS_REGISTROS_PUBLICADOS_NO_PERIODO_COMUN
62,Tunjuelito,6,Tunjuelito,UPZ,62,888,14950.368106,3.26987,16.736758,888,14950.368106,1.317234,888,14950.368106,55.254174,888,14950.368106,6.542688,888,14950.368106,43.981888,888,14950.368106,10.818558,888,14950.368106,10.816428,164,2394.156559,0.0,872,14678.663306,27.947259,888,14950.368106,38.629097,888,14950.368106,4.710165,883,14883.740034,0.278286,883,14883.740034,0.278286,883,14883.740034,12.550704,888,14950.368106,4.710165,883,14883.740034,0,0,0,0,0,0,0,0,0,0,0,0,0,0,0,0,0,0,0,0,0,0,0,1.104872,7.596523,0.069684,0.0,0.0,0.0,0.0,0.0,0.0,0,14106.0,14589.0,43.599057,59.733366,16.860029,22.192118,52.438584,43.157759,46.47288,37.898213,,,,,PRELIMINAR_NO_COBERTURA,INTEGRADO_GPKG_CRS_VERIFICADO_CODIGOS_SIN_ETIQUETAR,2026-10-06,SOLO_PLAN_TERRAZAS,TODOS_LOS_REGISTROS_PUBLICADOS_NO_PERIODO_COMUN
65,Arborizadora,19,Ciudad Bolívar,UPZ,65,782,27114.366531,3.0602,6.062429,782,27114.366531,0.72972,782,27114.366531,25.16062,782,27114.366531,2.342491,782,27114.366531,47.09659,782,27114.366531,3.122648,782,27114.366531,13.863691,403,14030.750732,0.342709,769,26698.699509,17.094682,782,27114.366531,16.423663,782,27114.366531,4.896771,778,27015.164836,0.384356,775,26925.912282,0.631748,775,26919.594518,10.296631,782,27114.366531,5.26571,774,26889.225527,0,0,0,0,0,0,35,35,10,0,0,0,0,0,32,32,2,14,0,16,0,0,0,0.0,11.326295,0.413394,0.226412,0.0,1.290829,0.0,1.180186,0.0,2,29546.0,35629.0,33.985718,20.776072,18.998632,11.287018,25.151013,24.727859,23.937502,23.582013,,,,,PRELIMINAR_NO_COBERTURA,INTEGRADO_GPKG_CRS_VERIFICADO_CODIGOS_SIN_ETIQUETAR,2026-10-06,SOLO_PLAN_TERRAZAS,TODOS_LOS_REGISTROS_PUBLICADOS_NO_PERIODO_COMUN
66,San Francisco,19,Ciudad Bolívar,UPZ,66,924,22396.702206,1.784609,14.675706,924,22396.702206,1.322638,924,22396.702206,49.1746,924,22396.702206,7.723135,924,22396.702206,45.92436,924,22396.702206,3.115464,924,22396.702206,11.812256,322,7454.227256,2.696211,898,21756.431188,21.354008,924,22396.702206,28.295561,924,22396.702206,8.070729,916,22128.350602,1.192554,911,22006.266788,1.34877,909,21940.589906,7.046901,924,22396.702206,9.354192,908,21906.094786,3,3,3,0,0,0,50,50,2,0,0,0,0,0,303,303,95,38,19,151,0,6,6,3.526097,0.565581,0.0,0.185343,0.133948,2.232472,0.0,13.528777,0.267897,4,25267.0,27305.0,20.12603,52.2113,34.737485,17.448593,40.568974,36.910947,39.971018,36.476255,,,,,PRELIMINAR_NO_COBERTURA,INTEGRADO_GPKG_CRS_VERIFICADO_CODIGOS_SIN_ETIQUETAR,2026-10-06,SOLO_PLAN_TERRAZAS,TODOS_LOS_REGISTROS_PUBLICADOS_NO_PERIODO_COMUN
67,Lucero,19,Ciudad Bolívar,UPZ,67,822,54244.144513,5.859189,19.662681,822,54244.144513,4.531287,822,54244.144513,64.634237,822,54244.144513,10.618561,822,54244.144513,45.134344,822,54244.144513,3.444444,822,54244.144513,33.234045,262,16202.622886,4.289448,611,40196.072885,30.533758,822,54244.144513,26.571886,822,54244.144513,8.65291,813,53620.461565,6.433392,807,53201.066685,6.15921,809,53397.596705,13.37139,822,54244.144513,13.439573,812,53525.721981,117,117,60,12,45,0,1812,1812,1189,17,8,0,17,0,3228,3227,1142,1611,127,348,357,164,164,13.493255,0.248754,0.0,0.0,2.156915,33.404527,2.901426,59.508727,3.023368,5,57973.0,64574.0,47.099181,70.411885,50.464399,20.465031,48.116933,54.0231,57.300857,53.311359,,,,,PRELIMINAR_NO_COBERTURA,INTEGRADO_GPKG_CRS_VERIFICADO_CODIGOS_SIN_ETIQUETAR,2026-10-06,SOLO_PLAN_TERRAZAS,TODOS_LOS_REGISTROS_PUBLICADOS_NO_PERIODO_COMUN
69,Ismael Perdomo,19,Ciudad Bolívar,UPZ,69,772,53011.851809,5.594496,13.024657,772,53011.851809,2.49589,772,53011.851809,46.576798,772,53011.851809,7.961446,772,53011.851809,48.613236,772,53011.851809,6.147556,772,53011.851809,14.179006,278,19000.646995,2.061318,663,45173.725775,23.707655,772,53011.851809,23.823973,772,53011.851809,3.924971,756,51896.044539,3.554712,752,51635.484522,2.085258,753,51681.280482,11.229633,772,53011.851809,7.545774,751,51553.013336,54,54,39,6,9,0,365,365,136,45,22,5,40,0,4717,4713,379,3499,382,457,1,87,87,12.427153,0.0,0.0,0.0,1.01864,6.885253,8.04362,88.980102,1.641142,5,57257.0,65219.0,37.964855,46.185589,27.775875,16.530982,38.272859,37.549794,39.276953,35.595011,,,,,PRELIMINAR_NO_COBERTURA,INTEGRADO_GPKG_CRS_VERIFICADO_CODIGOS_SIN_ETIQUETAR,2026-10-06,SOLO_PLAN_TERRAZAS,TODOS_LOS_REGISTROS_PUBLICADOS_NO_PERIODO_COMUN
70,Jerusalén,19,Ciudad Bolívar,UPZ,70,942,30043.970853,5.37048,16.878382,942,30043.970853,2.437613,942,30043.970853,57.530619,942,30043.970853,8.950938,942,30043.970853,49.089549,942,30043.970853,2.226643,942,30043.970853,40.485484,361,11655.730503,3.594609,854,27173.016913,30.268041,942,30043.970853,30.123741,942,30043.970853,7.262664,932,29588.693079,5.674292,929,29459.918984,2.503029,929,29462.21364,17.933219,942,30043.970853,11.900565,928,29428.041248,51,51,13,14,24,0,664,664,571,0,0,0,0,0,198,198,61,131,4,2,0,72,72,13.676057,0.0,0.0,0.0,1.697512,22.10094,0.0,6.590341,2.396487,4,35884.0,41269.0,66.554807,60.250239,44.539899,21.328797,50.278315,55.405815,56.3747,53.232632,,,,,PRELIMINAR_NO_COBERTURA,INTEGRADO_GPKG_CRS_VERIFICADO_CODIGOS_SIN_ETIQUETAR,2026-10-06,SOLO_PLAN_TERRAZAS,TODOS_LOS_REGISTROS_PUBLICADOS_NO_PERIODO_COMUN
71,Tibabuyes,11,Suba,UPZ,71,809,91657.869567,7.257997,10.618034,809,91657.869567,1.285164,809,91657.869567,40.549036,809,91657.869567,4.17361,809,91657.869567,42.654515,809,91657.869567,4.439525,809,91657.869567,11.961605,361,39759.635282,3.092813,771,87488.85692,13.862072,809,91657.869567,41.665195,809,91657.869567,6.34283,808,91542.936849,0.852912,808,91542.936849,2.436647,808,91542.936849,9.628267,809,91657.869567,7.337376,808,91542.936849,1,1,1,0,0,0,0,0,0,119,54,27,0,92,1104,1104,1024,79,1,0,0,1,1,0.0,13.015929,0.110887,0.07344,0.01091,0.0,16.395707,12.044792,0.01091,4,101786.0,122466.0,31.135229,37.40232,26.973633,19.540027,45.802318,35.328375,35.743164,33.657427,,,,,PRELIMINAR_NO_COBERTURA,INTEGRADO_GPKG_CRS_VERIFICADO_CODIGOS_SIN_ETIQUETAR,2026-10-06,SOLO_PLAN_TERRAZAS,TODOS_LOS_REGISTROS_PUBLICADOS_NO_PERIODO_COMUN
72,Bolivia,10,Engativá,UPZ,72,887,31675.967727,4.74125,1.332086,887,31675.967727,0.257137,887,31675.967727,11.438767,887,31675.967727,0.909553,887,31675.967727,42.669318,887,31675.967727,0.982767,887,31675.967727,13.264466,563,19817.767555,0.0,696,24871.034393,12.595233,887,31675.967727,4.457947,887,31675.967727,0.464739,886,31633.830802,0.262655,885,31598.800511,0.0,885,31607.20109,9.281554,887,31675.967727,0.585471,884,31572.1708,0,0,0,0,0,0,0,0,0,0,0,0,0,0,0,0,0,0,0,0,0,0,0,0.0,1.979398,0.492948,0.067611,0.0,0.0,0.0,0.0,0.0,0,31024.0,33910.0,29.656545,3.512094,0.981777,5.684393,11.1317,11.320529,9.758842,9.252779,,,,,PRELIMINAR_NO_COBERTURA,INTEGRADO_GPKG_CRS_VERIFICADO_CODIGOS_SIN_ETIQUETAR,2026-10-06,SOLO_PLAN_TERRAZAS,TODOS_LOS_REGISTROS_PUBLICADOS_NO_PERIODO_COMUN
73,Garcés Navas,10,Engativá,UPZ,73,843,59222.631822,5.545974,5.596168,843,59222.631822,0.784984,843,59222.631822,20.878509,843,59222.631822,2.198386,843,59222.631822,45.037107,843,59222.631822,1.492452,843,59222.631822,12.795779,410,27996.471024,4.320832,807,56452.671151,18.593908,843,59222.631822,17.501146,843,59222.631822,1.302265,841,59075.56514,0.141688,841,59075.56514,0.420684,841,59075.56514,7.541434,843,59222.631822,1.497632,841,59075.56514,0,0,0,0,0,0,0,0,0,0,0,0,0,0,0,0,0,0,0,0,0,0,0,0.0,11.349673,1.46986,0.761304,0.0,0.0,0.0,0.0,0.0,0,60015.0,68103.0,22.23515,19.074394,4.493195,13.471962,30.618347,19.105271,19.099096,16.182856,,,,,PRELIMINAR_NO_COBERTURA,INTEGRADO_GPKG_CRS_VERIFICADO_CODIGOS_SIN_ETIQUETAR,2026-10-06,SOLO_PLAN_TERRAZAS,TODOS_LOS_REGISTROS_PUBLICADOS_NO_PERIODO_COMUN
74,Engativá,10,Engativá,UPZ,74,767,48220.252472,5.871656,10.60705,767,48220.252472,1.305069,767,48220.252472,36.253535,767,48220.252472,5.515551,767,48220.252472,46.142644,767,48220.252472,2.073515,767,48220.252472,12.421953,272,15987.013695,3.297688,722,45265.119578,13.817228,767,48220.252472,25.33205,767,48220.252472,0.578443,763,47974.115443,0.509485,763,47974.115443,0.731612,757,47593.091284,6.191908,767,48220.252472,1.081256,757,47593.091284,0,0,0,0,0,0,0,0,0,0,0,0,0,0,0,0,0,0,0,0,0,0,0,0.0,2.580095,2.335971,0.021097,0.0,0.0,0.0,0.0,0.0,0,49172.0,55436.0,16.479591,37.362231,2.89033,14.148989,32.312453,22.261151,25.281367,18.386987,,,,,PRELIMINAR_NO_COBERTURA,INTEGRADO_GPKG_CRS_VERIFICADO_CODIGOS_SIN_ETIQUETAR,2026-10-06,SOLO_PLAN_TERRAZAS,TODOS_LOS_REGISTROS_PUBLICADOS_NO_PERIODO_COMUN
75,Fontibón,9,Fontibón,UPZ,75,895,49662.608188,4.960614,6.575876,895,49662.608188,1.009021,895,49662.608188,23.906553,895,49662.608188,3.294469,895,49662.608188,46.127097,895,49662.608188,4.976818,895,49662.608188,16.185674,326,17922.625878,1.098853,866,48179.243607,7.199604,895,49662.608188,9.14621,895,49662.608188,1.907971,893,49544.017487,0.701893,893,49544.017487,1.066734,893,49544.017487,10.818029,895,49662.608188,2.201469,893,49544.017487,0,0,0,0,0,0,10,10,7,0,0,0,0,0,0,0,0,0,0,0,0,0,0,0.0,0.0,0.0,0.0,0.0,0.201359,0.0,0.0,0.0,1,47522.0,47609.0,36.209418,22.649962,7.202658,5.814889,11.458236,19.380068,20.034047,16.944586,,,,,PRELIMINAR_NO_COBERTURA,INTEGRADO_GPKG_CRS_VERIFICADO_CODIGOS_SIN_ETIQUETAR,2026-10-06,SOLO_PLAN_TERRAZAS,TODOS_LOS_REGISTROS_PUBLICADOS_NO_PERIODO_COMUN
76,Fontibón San Pablo,9,Fontibón,UPZ,76,876,11556.983955,3.596809,11.755198,876,11556.983955,0.914885,876,11556.983955,34.690493,876,11556.983955,4.282963,876,11556.983955,49.337488,876,11556.983955,1.952916,876,11556.983955,12.513625,247,3187.273689,2.474106,858,11258.956298,16.335108,876,11556.983955,13.008506,876,11556.983955,3.778758,873,11525.24527,0.405861,871,11503.530982,1.700546,871,11503.530982,5.40402,876,11556.983955,4.80509,873,11525.24527,0,0,0,0,0,0,0,0,0,0,0,0,0,0,0,0,0,0,0,0,0,0,0,0.0,3.609229,1.824013,0.048228,0.0,0.0,0.0,0.0,0.0,0,11665.0,12231.0,13.119348,41.55254,17.225447,10.605907,23.446684,23.836005,27.379312,22.513893,,,,,PRELIMINAR_NO_COBERTURA,INTEGRADO_GPKG_CRS_VERIFICADO_CODIGOS_SIN_ETIQUETAR,2026-10-06,SOLO_PLAN_TERRAZAS,TODOS_LOS_REGISTROS_PUBLICADOS_NO_PERIODO_COMUN
77,Zona Franca,9,Fontibón,UPZ,77,794,22289.734706,4.91197,5.465631,794,22289.734706,0.43146,794,22289.734706,20.794687,794,22289.734706,1.670685,794,22289.734706,52.097237,794,22289.734706,0.37212,794,22289.734706,17.015578,458,12475.47367,14.148029,769,21510.920877,20.162786,794,22289.734706,7.941831,794,22289.734706,4.965062,794,22289.734706,1.158004,794,22289.734706,3.13343,792,22222.159534,9.895669,794,22289.734706,6.997643,793,22256.669398,0,0,0,0,0,0,0,0,0,0,0,0,0,0,0,0,0,0,0,0,0,0,0,0.0,2.269921,0.0,0.0,0.0,0.0,0.0,0.0,0.0,0,21447.0,25530.0,32.275668,18.597984,25.665809,14.084215,32.150373,27.172458,25.457564,26.871129,,,,,PRELIMINAR_NO_COBERTURA,INTEGRADO_GPKG_CRS_VERIFICADO_CODIGOS_SIN_ETIQUETAR,2026-10-06,SOLO_PLAN_TERRAZAS,TODOS_LOS_REGISTROS_PUBLICADOS_NO_PERIODO_COMUN
78,Tintál Norte,8,Kennedy,UPZ,78,707,10087.893213,3.431,3.443611,707,10087.893213,0.0,707,10087.893213,17.954491,707,10087.893213,1.247145,707,10087.893213,41.069489,707,10087.893213,0.968788,707,10087.893213,25.662905,399,5615.992973,0.278552,691,9866.753771,24.997909,707,10087.893213,21.685728,707,10087.893213,1.428112,692,9885.547317,0.877566,693,9893.492596,0.877566,693,9893.492596,15.255487,707,10087.893213,1.430306,691,9870.384291,0,0,0,0,0,0,0,0,0,0,0,0,0,0,294,294,294,0,0,0,0,0,0,0.0,6.477589,0.409302,1.194995,0.0,0.0,0.0,29.143845,0.0,1,11047.0,14180.0,55.134617,11.218369,4.234018,15.654063,36.078564,26.666392,23.576788,22.179917,,,,,PRELIMINAR_NO_COBERTURA,INTEGRADO_GPKG_CRS_VERIFICADO_CODIGOS_SIN_ETIQUETAR,2026-10-06,SOLO_PLAN_TERRAZAS,TODOS_LOS_REGISTROS_PUBLICADOS_NO_PERIODO_COMUN
79,Calandaima,8,Kennedy,UPZ,79,705,42668.406998,3.186802,3.921048,705,42668.406998,0.282533,705,42668.406998,36.528174,705,42668.406998,4.128536,705,42668.406998,54.820538,705,42668.406998,0.970584,705,42668.406998,32.186791,382,23524.673237,1.240624,676,40977.307472,11.656498,705,42668.406998,16.616317,705,42668.406998,7.978869,704,42600.273227,0.639222,704,42600.273227,1.275629,704,42600.273227,18.716354,705,42668.406998,8.715355,704,42600.273227,0,0,0,0,0,0,0,0,0,0,0,0,0,0,0,0,0,0,0,0,0,0,0,0.0,2.020561,2.049094,0.353533,0.0,0.0,0.0,0.0,0.0,0,47256.0,61355.0,69.894781,12.960834,32.278242,9.837813,21.524701,34.16464,29.923879,33.78736,,,,,PRELIMINAR_NO_COBERTURA,INTEGRADO_GPKG_CRS_VERIFICADO_CODIGOS_SIN_ETIQUETAR,2026-10-06,SOLO_PLAN_TERRAZAS,TODOS_LOS_REGISTROS_PUBLICADOS_NO_PERIODO_COMUN
80,Corabastos,8,Kennedy,UPZ,80,897,19196.087447,1.843784,13.000317,897,19196.087447,0.954436,897,19196.087447,52.158128,897,19196.087447,8.974325,897,19196.087447,39.600555,897,19196.087447,2.170545,897,19196.087447,20.093326,239,4683.030496,9.573392,771,16775.959028,25.950701,897,19196.087447,55.883653,897,19196.087447,5.550198,829,17784.935205,0.503817,815,17507.781912,0.637277,815,17507.781912,7.072464,897,19196.087447,6.047284,829,17783.820926,0,0,0,0,0,0,1759,1759,30,0,0,0,0,0,0,0,0,0,0,0,0,6,6,0.0,0.0,0.0,0.0,0.0,91.633256,0.0,0.0,0.312564,2,19466.0,20150.0,20.23505,46.096759,22.00735,30.469249,73.150248,40.372352,41.517233,36.699351,,,,,PRELIMINAR_NO_COBERTURA,INTEGRADO_GPKG_CRS_VERIFICADO_CODIGOS_SIN_ETIQUETAR,2026-10-06,SOLO_PLAN_TERRAZAS,TODOS_LOS_REGISTROS_PUBLICADOS_NO_PERIODO_COMUN
81,Gran Britalia,8,Kennedy,UPZ,81,829,21367.519261,1.797588,12.326466,829,21367.519261,0.595022,829,21367.519261,37.19927,829,21367.519261,5.431424,829,21367.519261,49.181964,829,21367.519261,1.937329,829,21367.519261,9.546345,271,6627.501398,7.748176,669,17280.913672,16.163736,829,21367.519261,25.704184,829,21367.519261,5.381791,810,20935.369642,0.239578,809,20893.83279,0.484685,810,20935.369642,4.898291,829,21367.519261,5.956702,809,20893.83279,0,0,0,0,0,0,0,0,0,0,0,0,0,0,0,0,0,0,0,0,0,0,0,0.0,0.498179,0.0,0.0,0.0,0.0,0.0,0.0,0.0,0,22204.0,22735.0,10.962478,43.637454,21.658649,16.538699,38.292167,28.637687,31.63764,27.241879,,,,,PRELIMINAR_NO_COBERTURA,INTEGRADO_GPKG_CRS_VERIFICADO_CODIGOS_SIN_ETIQUETAR,2026-10-06,SOLO_PLAN_TERRAZAS,TODOS_LOS_REGISTROS_PUBLICADOS_NO_PERIODO_COMUN
82,Patio Bonito,8,Kennedy,UPZ,82,1016,45151.630743,3.170689,15.314829,1016,45151.630743,2.362168,1016,45151.630743,59.387213,1016,45151.630743,9.438808,1016,45151.630743,50.265655,1016,45151.630743,3.060133,1016,45151.630743,17.311538,246,11036.700051,6.13401,876,38583.254011,13.964953,1016,45151.630743,43.292944,1016,45151.630743,5.598842,1014,45030.885553,0.789234,1013,44985.201098,1.041824,1012,44931.275202,7.291702,1016,45151.630743,5.849568,1014,45030.885553,0,0,0,0,0,0,5,5,5,0,0,0,0,0,162,162,88,70,4,0,0,0,0,0.0,0.776786,0.0,0.0,0.0,0.110738,0.0,3.58791,0.0,2,49231.0,50138.0,21.170076,54.54386,21.246228,21.130636,49.782461,36.685656,40.257297,33.597771,,,,,PRELIMINAR_NO_COBERTURA,INTEGRADO_GPKG_CRS_VERIFICADO_CODIGOS_SIN_ETIQUETAR,2026-10-06,SOLO_PLAN_TERRAZAS,TODOS_LOS_REGISTROS_PUBLICADOS_NO_PERIODO_COMUN
83,Las Margaritas,8,Kennedy,UPZ,83,687,9283.394099,1.471243,4.278234,687,9283.394099,0.172458,687,9283.394099,39.627654,687,9283.394099,2.547379,687,9283.394099,50.083429,687,9283.394099,1.589032,687,9283.394099,13.427133,445,5878.196524,0.0,602,8110.284049,0.540904,687,9283.394099,8.761847,687,9283.394099,1.97876,687,9283.394099,1.268683,687,9283.394099,1.268683,687,9283.394099,10.091022,687,9283.394099,1.97876,687,9283.394099,0,0,0,0,0,0,0,0,0,0,0,0,0,0,0,0,0,0,0,0,0,0,0,0.0,0.907426,0.0,0.0,0.0,0.0,0.0,0.0,0.0,0,10183.0,13539.0,33.108824,14.26443,6.345324,3.100917,4.66713,14.596427,14.530027,12.946206,,,,,PRELIMINAR_NO_COBERTURA,INTEGRADO_GPKG_CRS_VERIFICADO_CODIGOS_SIN_ETIQUETAR,2026-10-06,SOLO_PLAN_TERRAZAS,TODOS_LOS_REGISTROS_PUBLICADOS_NO_PERIODO_COMUN
84,Bosa Occidental,7,Bosa,UPZ,84,794,62953.919983,4.300373,13.742516,794,62953.919983,1.217845,794,62953.919983,52.038775,794,62953.919983,8.110857,794,62953.919983,46.169738,794,62953.919983,1.287773,794,62953.919983,12.965902,315,24020.043405,8.978836,749,59455.140663,22.004192,794,62953.919983,29.775098,794,62953.919983,5.452688,792,62799.446836,0.948915,793,62907.578282,1.634208,791,62761.285992,6.234908,794,62953.919983,6.05495,790,62653.154546,0,0,0,0,0,0,0,0,0,6,2,0,6,0,1,1,0,1,0,0,0,0,0,0.0,1.099882,0.0,0.0,0.0,0.0,1.395228,0.015885,0.0,2,71832.0,76983.0,16.662982,48.805507,22.036857,20.252709,47.585645,33.772748,36.7793,31.42557,,,,,PRELIMINAR_NO_COBERTURA,INTEGRADO_GPKG_CRS_VERIFICADO_CODIGOS_SIN_ETIQUETAR,2026-10-06,SOLO_PLAN_TERRAZAS,TODOS_LOS_REGISTROS_PUBLICADOS_NO_PERIODO_COMUN
85,Bosa Central,7,Bosa,UPZ,85,858,78827.033409,7.140879,10.402457,858,78827.033409,0.763477,858,78827.033409,52.927246,858,78827.033409,5.767921,858,78827.033409,48.580079,858,78827.033409,3.739854,858,78827.033409,15.363068,389,34356.269946,5.269234,768,70477.040248,21.37714,858,78827.033409,27.430478,858,78827.033409,6.272085,854,78507.639816,1.339149,853,78419.391192,2.818203,847,77808.286306,10.435752,858,78827.033409,7.437212,848,77896.53493,0,0,0,0,0,0,169,169,88,12,4,0,12,0,0,0,0,0,0,0,0,2,2,0.0,1.648842,2.242347,0.443059,0.0,2.143935,1.680465,0.0,0.025372,3,89587.0,92536.0,34.579051,36.615545,27.357959,18.025617,42.012848,35.141351,35.436189,33.584672,,,,,PRELIMINAR_NO_COBERTURA,INTEGRADO_GPKG_CRS_VERIFICADO_CODIGOS_SIN_ETIQUETAR,2026-10-06,SOLO_PLAN_TERRAZAS,TODOS_LOS_REGISTROS_PUBLICADOS_NO_PERIODO_COMUN
86,El Porvenir,7,Bosa,UPZ,86,761,45759.31981,4.606653,12.130119,761,45759.31981,0.230318,761,45759.31981,47.316425,761,45759.31981,6.349558,761,45759.31981,49.649283,761,45759.31981,0.905896,761,45759.31981,28.192775,406,23901.481594,2.808136,726,43745.780399,12.486768,761,45759.31981,23.618721,761,45759.31981,8.409253,760,45711.169015,0.72363,761,45759.31981,2.589516,758,45591.224383,15.631838,761,45759.31981,9.447072,758,45605.540031,0,0,0,0,0,0,210,210,204,0,0,0,0,0,0,0,0,0,0,0,0,0,0,0.0,4.704572,0.0,0.0,0.0,4.589229,0.0,0.0,0.0,1,49420.0,61301.0,56.739706,42.920861,35.095033,12.971209,29.365323,41.030231,41.408357,39.843191,,,,,PRELIMINAR_NO_COBERTURA,INTEGRADO_GPKG_CRS_VERIFICADO_CODIGOS_SIN_ETIQUETAR,2026-10-06,SOLO_PLAN_TERRAZAS,TODOS_LOS_REGISTROS_PUBLICADOS_NO_PERIODO_COMUN
87,Tintál Sur,7,Bosa,UPZ,87,756,34660.538053,5.764453,6.811358,756,34660.538053,0.524838,756,34660.538053,40.929255,756,34660.538053,5.889622,756,34660.538053,51.122777,756,34660.538053,1.187928,756,34660.538053,30.455375,518,23050.029965,3.754244,708,32213.72354,33.750878,756,34660.538053,35.725059,756,34660.538053,13.97987,751,34447.036449,0.40735,748,34296.708148,5.441276,732,33558.368637,21.441431,756,34660.538053,16.825867,730,33478.999797,0,0,0,0,0,0,0,0,0,0,0,0,0,0,0,0,0,0,0,0,0,0,0,0.0,6.854437,4.933098,2.024093,0.0,0.0,0.0,0.0,0.0,0,39917.0,57881.0,81.516891,23.50938,63.500136,24.41006,57.988486,56.628723,50.004855,58.003006,,,,,PRELIMINAR_NO_COBERTURA,INTEGRADO_GPKG_CRS_VERIFICADO_CODIGOS_SIN_ETIQUETAR,2026-10-06,SOLO_PLAN_TERRAZAS,TODOS_LOS_REGISTROS_PUBLICADOS_NO_PERIODO_COMUN
89,San Isidro - Patios,2,Chapinero,UPZ,89,862,5746.487615,1.129275,27.769847,862,5746.487615,3.514365,862,5746.487615,48.701901,862,5746.487615,10.089829,862,5746.487615,40.758971,862,5746.487615,9.483108,862,5746.487615,33.512015,333,2104.462359,23.961615,328,2164.290743,50.515492,862,5746.487615,37.645631,862,5746.487615,10.219457,858,5724.01393,9.244753,860,5734.145326,5.279609,855,5709.253489,21.755783,862,5746.487615,15.932678,858,5723.778966,0,0,0,0,0,0,0,0,0,0,0,0,0,0,83,83,62,17,4,0,0,0,0,0.0,0.0,0.0,0.0,0.0,0.0,0.0,14.443605,0.0,1,5796.0,6268.0,82.857563,100.0,60.061752,37.374246,90.428457,83.336943,86.669554,78.681905,,,,,PRELIMINAR_NO_COBERTURA,INTEGRADO_GPKG_CRS_VERIFICADO_CODIGOS_SIN_ETIQUETAR,2026-10-06,SOLO_PLAN_TERRAZAS,TODOS_LOS_REGISTROS_PUBLICADOS_NO_PERIODO_COMUN
92,La Macarena,3,Santa Fe,UPZ,92,886,4895.776525,0.852552,7.579572,886,4895.776525,0.609452,886,4895.776525,26.299758,886,4895.776525,4.544363,886,4895.776525,50.904597,886,4895.776525,4.588302,886,4895.776525,12.178415,387,1967.252658,0.440384,868,4798.18595,15.620462,886,4895.776525,17.441796,886,4895.776525,2.896396,863,4805.713999,1.370932,863,4805.713999,0.740557,863,4805.713999,9.481911,886,4895.776525,4.155915,863,4805.713999,0,0,0,0,0,0,0,0,0,0,0,0,0,0,82,82,12,50,4,16,0,0,0,8.350855,0.0,0.0,0.0,0.0,0.0,0.0,16.749131,0.0,1,6060.0,6513.0,30.511042,26.313075,14.726412,11.167547,24.852064,24.100648,24.543134,22.225801,,,,,PRELIMINAR_NO_COBERTURA,INTEGRADO_GPKG_CRS_VERIFICADO_CODIGOS_SIN_ETIQUETAR,2026-10-06,SOLO_PLAN_TERRAZAS,TODOS_LOS_REGISTROS_PUBLICADOS_NO_PERIODO_COMUN
94,La Candelaria,17,La Candelaria,UPZ,94,972,7603.195214,2.058593,7.987013,972,7603.195214,0.594781,972,7603.195214,30.546669,972,7603.195214,4.262378,972,7603.195214,46.614637,972,7603.195214,2.869583,972,7603.195214,13.991922,350,2471.13085,0.101175,926,7280.085052,13.221551,972,7603.195214,20.981824,972,7603.195214,5.100622,965,7564.601543,3.193325,965,7564.601543,2.678769,965,7564.601543,7.417128,972,7603.195214,8.827395,965,7564.601543,0,0,0,0,0,0,6,6,6,0,0,0,0,0,5,5,3,2,0,0,0,0,0,2.313562,0.0,0.0,0.0,0.0,0.789142,0.0,0.657618,0.0,2,8662.0,9019.0,21.705001,27.80008,32.709548,11.43485,25.520929,26.93389,27.107128,28.089021,,,,,PRELIMINAR_NO_COBERTURA,INTEGRADO_GPKG_CRS_VERIFICADO_CODIGOS_SIN_ETIQUETAR,2026-10-06,SOLO_PLAN_TERRAZAS,TODOS_LOS_REGISTROS_PUBLICADOS_NO_PERIODO_COMUN
95,Las Cruces,3,Santa Fe,UPZ,95,940,7607.633599,0.922944,12.125646,940,7607.633599,2.621753,940,7607.633599,46.906501,940,7607.633599,7.816093,940,7607.633599,43.797392,940,7607.633599,5.210112,940,7607.633599,10.119763,253,1935.319946,0.523435,912,7402.831135,20.460736,940,7607.633599,36.487063,940,7607.633599,4.083861,929,7508.774187,1.135013,927,7491.010199,1.110816,927,7491.010199,7.784497,940,7607.633599,4.687575,929,7508.774187,0,0,0,0,0,0,0,0,0,0,0,0,0,0,1,1,0,1,0,0,0,0,0,0.0,0.0,0.0,0.0,0.0,0.0,0.0,0.131447,0.0,1,8794.0,9728.0,23.271784,42.904538,16.773066,19.157078,44.844075,31.948366,34.1396,28.913306,,,,,PRELIMINAR_NO_COBERTURA,INTEGRADO_GPKG_CRS_VERIFICADO_CODIGOS_SIN_ETIQUETAR,2026-10-06,SOLO_PLAN_TERRAZAS,TODOS_LOS_REGISTROS_PUBLICADOS_NO_PERIODO_COMUN
96,Lourdes,3,Santa Fe,UPZ,96,750,13755.443256,1.999768,19.794557,750,13755.443256,7.749814,750,13755.443256,65.229815,750,13755.443256,14.072589,750,13755.443256,51.782273,750,13755.443256,19.802173,750,13755.443256,22.941268,210,3581.40844,1.538891,631,11576.648607,40.286153,750,13755.443256,32.578881,750,13755.443256,14.329823,737,13526.403907,21.079526,730,13406.352347,17.115673,729,13376.232058,25.77523,750,13755.443256,26.307437,737,13539.724751,4,4,4,0,0,0,411,411,125,4,3,0,4,0,370,370,84,165,3,118,0,9,9,17.256309,0.0,0.0,0.0,0.290794,29.879081,2.000232,26.898443,0.654286,5,16041.0,17260.0,100.0,70.893183,100.0,24.801308,58.967497,82.46517,80.150773,85.972136,,,,,PRELIMINAR_NO_COBERTURA,INTEGRADO_GPKG_CRS_VERIFICADO_CODIGOS_SIN_ETIQUETAR,2026-10-06,SOLO_PLAN_TERRAZAS,TODOS_LOS_REGISTROS_PUBLICADOS_NO_PERIODO_COMUN
98,Los Alcázares,12,Barrios Unidos,UPZ,98,939,18009.863198,4.136955,4.791645,939,18009.863198,0.549505,939,18009.863198,16.272342,939,18009.863198,1.327651,939,18009.863198,42.869082,939,18009.863198,3.654692,939,18009.863198,3.720779,306,5224.149766,0.283108,898,17240.84835,5.377438,939,18009.863198,28.287697,939,18009.863198,3.485341,935,17952.994828,0.24414,935,17952.994828,0.56955,935,17952.994828,4.733984,939,18009.863198,3.818411,935,17952.994828,0,0,0,0,0,0,0,0,0,0,0,0,0,0,0,0,0,0,0,0,0,0,0,0.0,0.0,0.0,0.0,0.0,0.0,0.0,0.0,0.0,0,16919.0,16895.0,10.261727,16.138187,13.427168,11.316081,25.223736,16.262705,16.237801,15.695597,,,,,PRELIMINAR_NO_COBERTURA,INTEGRADO_GPKG_CRS_VERIFICADO_CODIGOS_SIN_ETIQUETAR,2026-10-06,SOLO_PLAN_TERRAZAS,TODOS_LOS_REGISTROS_PUBLICADOS_NO_PERIODO_COMUN
100,Galerías,13,Teusaquillo,UPZ,100,1221,19702.405631,2.373779,3.1364,1221,19702.405631,0.135156,1221,19702.405631,12.97141,1221,19702.405631,0.988362,1221,19702.405631,53.448138,1221,19702.405631,1.065448,1221,19702.405631,3.124635,504,7960.276778,0.0,1198,19360.196243,2.10871,1221,19702.405631,8.188173,1221,19702.405631,1.291131,1215,19617.306673,0.633596,1215,19617.306673,0.842519,1215,19617.306673,2.327881,1221,19702.405631,1.500055,1215,19617.306673,0,0,0,0,0,0,0,0,0,0,0,0,0,0,0,0,0,0,0,0,0,0,0,0.0,0.320722,0.089407,0.017327,0.0,0.0,0.0,0.0,0.0,0,17450.0,18868.0,0.0,10.097163,4.502521,3.432294,5.496326,5.024003,6.038635,4.919706,,,,,PRELIMINAR_NO_COBERTURA,INTEGRADO_GPKG_CRS_VERIFICADO_CODIGOS_SIN_ETIQUETAR,2026-10-06,SOLO_PLAN_TERRAZAS,TODOS_LOS_REGISTROS_PUBLICADOS_NO_PERIODO_COMUN
101,Teusaquillo,13,Teusaquillo,UPZ,101,1237,15577.92479,2.355121,1.301258,1237,15577.92479,0.639872,1237,15577.92479,10.417229,1237,15577.92479,0.317662,1237,15577.92479,53.836079,1237,15577.92479,3.515527,1237,15577.92479,6.801457,509,6190.252995,0.0,1186,14918.695431,0.899148,1237,15577.92479,15.172142,1237,15577.92479,1.327812,1236,15562.562131,0.890498,1234,15540.400358,1.220044,1235,15550.389076,6.218245,1237,15577.92479,1.660036,1234,15540.400358,0,0,0,0,0,0,0,0,0,0,0,0,0,0,0,0,0,0,0,0,0,0,0,0.0,0.048071,0.646351,0.0,0.0,0.0,0.0,0.0,0.0,0,14041.0,14910.0,16.591916,3.399585,5.118378,5.357097,10.312713,8.855648,7.764435,8.108194,,,,,PRELIMINAR_NO_COBERTURA,INTEGRADO_GPKG_CRS_VERIFICADO_CODIGOS_SIN_ETIQUETAR,2026-10-06,SOLO_PLAN_TERRAZAS,TODOS_LOS_REGISTROS_PUBLICADOS_NO_PERIODO_COMUN
102,La Sabana,14,Los Mártires,UPZ,102,835,15417.82109,4.505813,14.014882,835,15417.82109,1.492591,835,15417.82109,37.204382,835,15417.82109,6.661554,835,15417.82109,50.600864,835,15417.82109,1.376147,835,15417.82109,10.133035,211,3561.279979,2.881089,830,15332.47567,15.284808,835,15417.82109,44.572334,835,15417.82109,6.280513,828,15274.051043,0.195179,826,15213.444851,0.711749,820,15104.816395,3.716722,835,15417.82109,6.658352,821,15150.866761,0,0,0,0,0,0,0,0,0,0,0,0,0,0,0,0,0,0,0,0,0,0,0,0.0,0.0,0.0,0.0,0.0,0.0,0.0,0.0,0.0,0,17298.0,17929.0,5.923234,49.79954,24.35969,20.912744,49.237235,32.329925,35.823848,30.735878,,,,,PRELIMINAR_NO_COBERTURA,INTEGRADO_GPKG_CRS_VERIFICADO_CODIGOS_SIN_ETIQUETAR,2026-10-06,SOLO_PLAN_TERRAZAS,TODOS_LOS_REGISTROS_PUBLICADOS_NO_PERIODO_COMUN
107,Quinta Paredes,13,Teusaquillo,UPZ,107,1032,13482.26983,1.738168,0.696637,1032,13482.26983,0.18401,1032,13482.26983,6.613752,1032,13482.26983,0.38134,1032,13482.26983,49.638189,1032,13482.26983,1.361043,1032,13482.26983,5.361193,576,7021.560506,0.8785,1007,13098.219602,8.375241,1032,13482.26983,3.45344,1032,13482.26983,0.80264,1030,13454.97618,0.710554,1030,13454.97618,1.268267,1030,13454.97618,4.153151,1032,13482.26983,2.037861,1030,13454.97618,0,0,0,0,0,0,0,0,0,0,0,0,0,0,0,0,0,0,0,0,0,0,0,0.0,0.0,0.0,0.0,0.0,0.0,0.0,0.0,0.0,0,11999.0,12788.0,7.784547,1.192945,6.572838,4.235727,7.506737,5.764267,4.850002,5.925981,,,,,PRELIMINAR_NO_COBERTURA,INTEGRADO_GPKG_CRS_VERIFICADO_CODIGOS_SIN_ETIQUETAR,2026-10-06,SOLO_PLAN_TERRAZAS,TODOS_LOS_REGISTROS_PUBLICADOS_NO_PERIODO_COMUN
109,Ciudad Salitre Oriental,13,Teusaquillo,UPZ,109,902,10864.642943,1.803853,0.743534,902,10864.642943,0.0,902,10864.642943,4.999395,902,10864.642943,0.123377,902,10864.642943,47.732481,902,10864.642943,1.453042,902,10864.642943,3.340324,546,6166.027949,2.319118,896,10769.173722,2.978707,902,10864.642943,2.926767,902,10864.642943,0.45769,902,10864.642943,0.402473,902,10864.642943,0.485033,902,10864.642943,3.348781,902,10864.642943,0.54025,902,10864.642943,0,0,0,0,0,0,0,0,0,0,0,0,0,0,0,0,0,0,0,0,0,0,0,0.0,0.0,0.0,0.0,0.0,0.0,0.0,0.0,0.0,0,9397.0,11005.0,4.35401,1.364102,0.807697,2.74153,3.767845,2.573414,2.331551,2.22027,,,,,PRELIMINAR_NO_COBERTURA,INTEGRADO_GPKG_CRS_VERIFICADO_CODIGOS_SIN_ETIQUETAR,2026-10-06,SOLO_PLAN_TERRAZAS,TODOS_LOS_REGISTROS_PUBLICADOS_NO_PERIODO_COMUN
110,Ciudad Salitre Occidental,9,Fontibón,UPZ,110,983,19098.153222,2.255209,0.431034,983,19098.153222,0.077439,983,19098.153222,8.452753,983,19098.153222,0.260594,983,19098.153222,43.938253,983,19098.153222,0.340637,983,19098.153222,7.456484,621,11813.241854,1.019127,838,15894.184131,5.023714,983,19098.153222,0.52919,983,19098.153222,0.708282,983,19098.153222,0.590905,983,19098.153222,1.164301,981,19062.65783,4.952877,983,19098.153222,1.281897,981,19062.65783,0,0,0,0,0,0,0,0,0,0,0,0,0,0,0,0,0,0,0,0,0,0,0,0.0,0.0,0.0,0.0,0.0,0.0,0.0,0.0,0.0,0,18198.0,19762.0,11.195278,0.223595,3.662708,2.190677,2.389458,4.36776,3.538927,4.22675,,,,,PRELIMINAR_NO_COBERTURA,INTEGRADO_GPKG_CRS_VERIFICADO_CODIGOS_SIN_ETIQUETAR,2026-10-06,SOLO_PLAN_TERRAZAS,TODOS_LOS_REGISTROS_PUBLICADOS_NO_PERIODO_COMUN
112,Granjas de Techo,9,Fontibón,UPZ,112,885,19959.966342,4.772221,1.898051,885,19959.966342,0.0,885,19959.966342,8.274764,885,19959.966342,0.085515,885,19959.966342,46.381472,885,19959.966342,1.049757,885,19959.966342,9.222259,537,11896.810755,0.140975,762,17213.146225,17.275161,885,19959.966342,5.742781,885,19959.966342,1.074411,880,19851.933575,0.827652,880,19851.933575,0.734285,880,19851.933575,6.546534,885,19959.966342,1.320241,880,19851.933575,0,0,0,0,0,0,0,0,0,0,0,0,0,0,0,0,0,0,0,0,0,0,0,0.0,1.470932,0.0,0.0,0.0,0.0,0.0,0.0,0.0,0,19543.0,25108.0,17.992025,5.577654,3.810317,7.719639,16.224446,10.901111,9.836419,9.482952,,,,,PRELIMINAR_NO_COBERTURA,INTEGRADO_GPKG_CRS_VERIFICADO_CODIGOS_SIN_ETIQUETAR,2026-10-06,SOLO_PLAN_TERRAZAS,TODOS_LOS_REGISTROS_PUBLICADOS_NO_PERIODO_COMUN
114,Modelia,9,Fontibón,UPZ,114,1150,17393.738551,2.613724,1.105669,1150,17393.738551,0.0,1150,17393.738551,7.192903,1150,17393.738551,0.314327,1150,17393.738551,44.790621,1150,17393.738551,0.588837,1150,17393.738551,6.866526,724,10975.729406,0.104182,1129,17083.744931,4.233671,1150,17393.738551,3.916083,1150,17393.738551,0.944163,1144,17321.919085,0.20794,1145,17340.434458,1.303847,1145,17340.434458,4.921726,1150,17393.738551,2.167818,1144,17321.919085,0,0,0,0,0,0,0,0,0,0,0,0,0,0,0,0,0,0,0,0,0,0,0,0.0,0.0,0.0,0.0,0.0,0.0,0.0,0.0,0.0,0,15921.0,16726.0,11.062425,2.685758,7.073117,2.751312,3.792321,6.153405,5.459876,6.337348,,,,,PRELIMINAR_NO_COBERTURA,INTEGRADO_GPKG_CRS_VERIFICADO_CODIGOS_SIN_ETIQUETAR,2026-10-06,SOLO_PLAN_TERRAZAS,TODOS_LOS_REGISTROS_PUBLICADOS_NO_PERIODO_COMUN
116,Álamos,10,Engativá,UPZ,116,781,4621.840881,2.000842,2.709907,781,4621.840881,0.16533,781,4621.840881,12.259851,781,4621.840881,0.406647,781,4621.840881,41.675299,781,4621.840881,3.448462,781,4621.840881,11.890976,391,2208.549608,2.171445,706,4108.387522,17.263538,781,4621.840881,25.483411,781,4621.840881,0.953376,781,4621.840881,0.361201,781,4621.840881,0.663149,781,4621.840881,9.130573,781,4621.840881,1.255324,781,4621.840881,0,0,0,0,0,0,0,0,0,0,0,0,0,0,0,0,0,0,0,0,0,0,0,0.0,0.0,0.0,0.0,0.0,0.0,0.0,0.0,0.0,0,4617.0,5064.0,29.012627,8.540626,3.560416,14.972798,34.373852,18.87188,16.805629,15.809587,,,,,PRELIMINAR_NO_COBERTURA,INTEGRADO_GPKG_CRS_VERIFICADO_CODIGOS_SIN_ETIQUETAR,2026-10-06,SOLO_PLAN_TERRAZAS,TODOS_LOS_REGISTROS_PUBLICADOS_NO_PERIODO_COMUN
802,KENNEDY: Castilla + Bavaria,8,Kennedy,grupo_UPZ,46|113,977,73412.239356,7.798017,2.801776,977,73412.239356,0.0,977,73412.239356,22.061496,977,73412.239356,1.36812,977,73412.239356,45.305659,977,73412.239356,3.124549,977,73412.239356,17.138058,476,35446.187076,0.734157,966,72590.904206,18.064847,977,73412.239356,16.000003,977,73412.239356,1.551002,946,70827.861006,0.5235,945,70762.555324,1.301637,945,70762.555324,11.399447,977,73412.239356,2.351169,946,70827.861006,0,0,0,0,0,0,1,1,1,0,0,0,0,0,0,0,0,0,0,0,0,0,0,0.0,0.58691,0.0,0.0,0.0,0.013622,0.0,0.0,0.0,1,68940.0,80129.0,38.689091,8.87591,7.778937,11.599669,25.933353,20.319323,18.03064,17.811246,,,,,PRELIMINAR_NO_COBERTURA,INTEGRADO_GPKG_CRS_VERIFICADO_CODIGOS_SIN_ETIQUETAR,2026-10-06,SOLO_PLAN_TERRAZAS,TODOS_LOS_REGISTROS_PUBLICADOS_NO_PERIODO_COMUN
803,USAQUÉN: Country Club + Santa Bárbara,1,Usaquén,grupo_UPZ,15|16,1101,43037.416331,7.437083,0.826622,1101,43037.416331,0.203437,1101,43037.416331,4.197089,1101,43037.416331,0.068877,1101,43037.416331,43.459415,1101,43037.416331,2.068991,1101,43037.416331,4.338149,674,25870.720714,0.263896,1084,42328.381558,4.087041,1101,43037.416331,2.456179,1101,43037.416331,1.543497,1093,42759.52518,0.766754,1093,42759.52518,1.898205,1092,42733.17032,4.676746,1101,43037.416331,2.816004,1092,42733.17032,0,0,0,0,0,0,0,0,0,0,0,0,0,0,0,0,0,0,0,0,0,0,0,0.0,0.0,0.0,0.0,0.0,0.0,0.0,0.0,0.0,0,43153.0,46631.0,10.017615,1.667342,9.568344,2.269039,2.58554,5.95971,5.101237,6.681437,,,,,PRELIMINAR_NO_COBERTURA,INTEGRADO_GPKG_CRS_VERIFICADO_CODIGOS_SIN_ETIQUETAR,2026-10-06,SOLO_PLAN_TERRAZAS,TODOS_LOS_REGISTROS_PUBLICADOS_NO_PERIODO_COMUN
804,USAQUÉN: Paseo de Los Libertadores + La Uribe,1,Usaquén,grupo_UPZ,1|10,803,13883.350438,9.754338,4.076243,803,13883.350438,0.312265,803,13883.350438,9.583678,803,13883.350438,1.370252,803,13883.350438,43.995299,803,13883.350438,2.973041,803,13883.350438,6.504086,445,7560.008933,1.416798,787,13578.084713,9.029646,803,13883.350438,2.22542,803,13883.350438,2.232884,803,13883.350438,0.511938,803,13883.350438,0.775321,803,13883.350438,6.514762,803,13883.350438,2.479915,803,13883.350438,0,0,0,0,0,0,0,0,0,0,0,0,0,0,8,8,8,0,0,0,0,0,0,1.80024,2.970556,0.14545,0.129182,0.0,0.0,0.0,0.57623,0.0,1,14238.0,17664.0,17.856522,13.527239,8.274551,4.223955,7.47728,11.783898,12.132566,11.082029,,,,,PRELIMINAR_NO_COBERTURA,INTEGRADO_GPKG_CRS_VERIFICADO_CODIGOS_SIN_ETIQUETAR,2026-10-06,SOLO_PLAN_TERRAZAS,TODOS_LOS_REGISTROS_PUBLICADOS_NO_PERIODO_COMUN
806,SUBA: La Academia + Guaymaral + San José de Bavaria,11,Suba,grupo_UPZ,2|3|17,752,20956.03559,15.627291,9.748467,752,20956.03559,0.15583,752,20956.03559,8.83737,752,20956.03559,0.856434,752,20956.03559,42.913017,752,20956.03559,1.641469,752,20956.03559,9.016033,447,12149.978414,0.95103,716,20029.621539,12.760264,752,20956.03559,12.223105,752,20956.03559,3.390385,751,20924.865673,0.964174,751,20924.865673,3.143149,751,20924.865673,6.868823,752,20956.03559,4.777302,751,20924.865673,0,0,0,0,0,0,0,0,0,0,0,0,0,0,0,0,0,0,0,0,0,0,0,0.0,8.0658,1.016358,0.682931,0.0,0.0,0.0,0.0,0.0,0,20463.0,21097.0,19.366548,34.228726,17.118476,8.6448,18.539454,22.313301,24.696386,21.274336,,,,,PRELIMINAR_NO_COBERTURA,INTEGRADO_GPKG_CRS_VERIFICADO_CODIGOS_SIN_ETIQUETAR,2026-10-06,SOLO_PLAN_TERRAZAS,TODOS_LOS_REGISTROS_PUBLICADOS_NO_PERIODO_COMUN
807,BARRIOS UNIDOS: Parque Salitre + Doce de Octubre,12,Barrios Unidos,grupo_UPZ,22|103,813,26761.72767,5.011006,3.709535,813,26761.72767,1.924674,813,26761.72767,20.326301,813,26761.72767,1.203886,813,26761.72767,41.792747,813,26761.72767,3.86905,813,26761.72767,10.613305,400,12630.847422,0.169811,810,26684.540211,25.139396,813,26761.72767,15.034646,813,26761.72767,0.909164,809,26637.639128,0.314101,810,26652.143051,0.387866,808,26593.97216,8.878257,813,26761.72767,0.983735,808,26593.97216,0,0,0,0,0,0,0,0,0,0,0,0,0,0,0,0,0,0,0,0,0,0,0,0.0,1.848804,0.0,0.0,0.0,0.0,0.0,0.0,0.0,0,27485.0,30379.0,27.936534,12.188892,2.514917,13.447951,30.558264,18.299652,17.0775,15.142705,,,,,PRELIMINAR_NO_COBERTURA,INTEGRADO_GPKG_CRS_VERIFICADO_CODIGOS_SIN_ETIQUETAR,2026-10-06,SOLO_PLAN_TERRAZAS,TODOS_LOS_REGISTROS_PUBLICADOS_NO_PERIODO_COMUN
808,TEUSAQUILLO: Parque Simón Bolívar - CAN + La Esmeralda,13,Teusaquillo,grupo_UPZ,104|106,971,17718.876285,5.910894,0.9236,971,17718.876285,0.197406,971,17718.876285,7.897025,971,17718.876285,0.260582,971,17718.876285,45.202962,971,17718.876285,2.301451,971,17718.876285,3.346887,632,10995.64673,0.0,951,17383.026387,5.337,971,17718.876285,1.784766,971,17718.876285,0.901612,964,17557.12467,0.0,964,17557.12467,0.851167,964,17557.12467,4.378399,971,17718.876285,1.598425,964,17557.12467,0,0,0,0,0,0,0,0,0,0,0,0,0,0,0,0,0,0,0,0,0,0,0,0.0,0.227239,0.0,0.0,0.0,0.0,0.0,0.0,0.0,0,16209.0,17715.0,8.745202,2.021274,4.881204,2.373922,2.847987,4.623917,4.103388,4.675374,,,,,PRELIMINAR_NO_COBERTURA,INTEGRADO_GPKG_CRS_VERIFICADO_CODIGOS_SIN_ETIQUETAR,2026-10-06,SOLO_PLAN_TERRAZAS,TODOS_LOS_REGISTROS_PUBLICADOS_NO_PERIODO_COMUN
809,PUENTE ARANDA: Zona Industrial + Puente Aranda,16,Puente Aranda,grupo_UPZ,108|111,611,6829.661439,7.028386,7.000997,611,6829.661439,0.36507,611,6829.661439,37.178128,611,6829.661439,3.607086,611,6829.661439,44.245665,611,6829.661439,1.10865,611,6829.661439,9.955672,204,2342.942735,8.041228,566,6347.473946,13.677496,611,6829.661439,24.937184,611,6829.661439,2.417717,611,6829.661439,0.689986,611,6829.661439,1.100236,611,6829.661439,4.523983,611,6829.661439,2.827967,611,6829.661439,0,0,0,0,0,0,0,0,0,0,0,0,0,0,0,0,0,0,0,0,0,0,0,0.0,0.0,0.0,0.0,0.0,0.0,0.0,0.0,0.0,0,4882.0,5971.0,9.3661,24.201491,9.614397,15.551969,35.823098,19.751271,20.641315,17.723896,,,,,PRELIMINAR_NO_COBERTURA,INTEGRADO_GPKG_CRS_VERIFICADO_CODIGOS_SIN_ETIQUETAR,2026-10-06,SOLO_PLAN_TERRAZAS,TODOS_LOS_REGISTROS_PUBLICADOS_NO_PERIODO_COMUN
810,ENGATIVÁ: Santa Cecilia + Jardín  Botánico,10,Engativá,grupo_UPZ,31|105,905,28458.239371,4.69909,2.198373,905,28458.239371,0.291794,905,28458.239371,14.860065,905,28458.239371,1.14278,905,28458.239371,46.84338,905,28458.239371,2.207268,905,28458.239371,10.656028,465,14173.031347,0.645789,872,27373.443948,11.263202,905,28458.239371,15.680153,905,28458.239371,2.731873,902,28357.759602,0.764678,902,28357.759602,1.227641,901,28312.743564,7.51428,905,28458.239371,3.197964,901,28312.743564,0,0,0,0,0,0,0,0,0,0,0,0,0,0,0,0,0,0,0,0,0,0,0,0.0,0.0,0.0,0.0,0.0,0.0,0.0,0.0,0.0,0,27549.0,30458.0,22.119343,6.673717,11.038723,9.196381,19.919663,14.937861,13.285032,14.158034,,,,,PRELIMINAR_NO_COBERTURA,INTEGRADO_GPKG_CRS_VERIFICADO_CODIGOS_SIN_ETIQUETAR,2026-10-06,SOLO_PLAN_TERRAZAS,TODOS_LOS_REGISTROS_PUBLICADOS_NO_PERIODO_COMUN
811,USME: Alfonso López + Ciudad Usme,5,Usme,grupo_UPZ,59|61,738,25148.782425,11.369888,18.522243,738,25148.782425,5.081321,738,25148.782425,58.733763,738,25148.782425,16.51032,738,25148.782425,41.64819,738,25148.782425,5.010796,738,25148.782425,17.325436,300,10272.815676,35.272351,474,16239.013065,45.727325,738,25148.782425,42.598468,738,25148.782425,11.021339,737,25117.079787,3.863973,737,25117.079787,3.47044,733,25000.901063,12.087918,738,25148.782425,13.098329,734,25017.167464,261,261,116,49,96,0,0,0,0,59,20,0,59,0,34,34,7,19,6,2,1,324,324,7.269675,0.0,0.0,0.0,10.378236,0.0,5.189145,1.351954,12.883327,4,26252.0,32216.0,41.625333,66.249717,49.150759,41.199381,100.0,64.256452,64.655105,61.235314,,,,,PRELIMINAR_NO_COBERTURA,INTEGRADO_GPKG_CRS_VERIFICADO_CODIGOS_SIN_ETIQUETAR,2026-10-06,SOLO_PLAN_TERRAZAS,TODOS_LOS_REGISTROS_PUBLICADOS_NO_PERIODO_COMUN
812,USME: Parque Entrenubes + Danubio,5,Usme,grupo_UPZ,56|60,759,18905.434955,7.072146,13.220875,759,18905.434955,2.565928,759,18905.434955,46.96025,759,18905.434955,10.16163,759,18905.434955,44.070524,759,18905.434955,3.316143,759,18905.434955,22.993529,207,4992.9574,3.704889,692,17394.826699,22.103189,759,18905.434955,26.161155,759,18905.434955,6.006119,759,18905.434955,5.434497,759,18905.434955,3.529306,758,18882.617496,9.388773,759,18905.434955,9.969721,759,18905.434955,17,17,17,0,0,0,7,7,4,6,2,0,6,0,593,593,170,319,36,68,6,28,28,12.141993,3.378727,0.0,0.0,0.899212,0.370264,0.848399,31.366641,1.481056,5,18050.0,22002.0,30.113818,46.901712,37.107,17.323078,40.2549,38.594358,40.255828,38.296886,,,,,PRELIMINAR_NO_COBERTURA,INTEGRADO_GPKG_CRS_VERIFICADO_CODIGOS_SIN_ETIQUETAR,2026-10-06,SOLO_PLAN_TERRAZAS,TODOS_LOS_REGISTROS_PUBLICADOS_NO_PERIODO_COMUN
813,FONTIBÓN: Aeropuerto El Dorado + Capellanía,9,Fontibón,grupo_UPZ,115|117,758,6815.715665,10.143902,3.312727,758,6815.715665,0.202604,758,6815.715665,13.080202,758,6815.715665,0.956478,758,6815.715665,48.056696,758,6815.715665,1.687778,758,6815.715665,8.601623,413,3604.354003,0.074126,735,6584.533316,7.432124,758,6815.715665,12.896127,758,6815.715665,1.366389,755,6790.277945,1.366389,755,6790.277945,1.503585,755,6790.277945,6.236573,758,6815.715665,1.503585,755,6790.277945,0,0,0,0,0,0,0,0,0,0,0,0,0,0,0,0,0,0,0,0,0,0,0,0.0,0.000381,0.032595,0.0,0.0,0.0,0.0,0.0,0.0,0,6982.0,7426.0,16.670081,10.740691,4.516109,6.800792,13.925239,11.46303,11.318562,10.073646,,,,,PRELIMINAR_NO_COBERTURA,INTEGRADO_GPKG_CRS_VERIFICADO_CODIGOS_SIN_ETIQUETAR,2026-10-06,SOLO_PLAN_TERRAZAS,TODOS_LOS_REGISTROS_PUBLICADOS_NO_PERIODO_COMUN
814,SANTA FE: Las Nieves + Sagrado Corazón,3,Santa Fe,grupo_UPZ,91|93,1160,12469.742356,3.190811,5.778481,1160,12469.742356,0.777916,1160,12469.742356,15.656925,1160,12469.742356,2.244463,1160,12469.742356,41.977638,1160,12469.742356,3.258686,1160,12469.742356,10.378058,424,4258.68778,1.350926,1121,12052.272925,16.243819,1160,12469.742356,14.358184,1160,12469.742356,0.304603,1127,12104.144621,0.595304,1119,12027.282943,0.388766,1117,11995.3304,6.803018,1160,12469.742356,0.998829,1114,11967.765766,0,0,0,0,0,0,0,0,0,0,0,0,0,0,0,0,0,0,0,0,0,0,0,2.354605,0.059778,0.083057,0.0,0.0,0.0,0.0,0.0,0.0,0,15678.0,18795.0,19.085898,19.739768,2.573024,10.650976,23.559461,16.239538,16.939584,13.506235,,,,,PRELIMINAR_NO_COBERTURA,INTEGRADO_GPKG_CRS_VERIFICADO_CODIGOS_SIN_ETIQUETAR,2026-10-06,SOLO_PLAN_TERRAZAS,TODOS_LOS_REGISTROS_PUBLICADOS_NO_PERIODO_COMUN
815,CIUDAD BOLÍVAR: Monteblanco + El Tesoro + El Mochuelo,19,Ciudad Bolívar,grupo_UPZ,63|64|68,813,18859.672774,12.222951,13.562584,813,18859.672774,6.886095,813,18859.672774,66.749278,813,18859.672774,13.000301,813,18859.672774,44.016821,813,18859.672774,7.688114,813,18859.672774,20.468116,276,6221.929377,2.896377,623,14285.247866,40.107733,813,18859.672774,35.372404,813,18859.672774,4.607401,805,18694.304863,7.030324,805,18694.304863,7.494026,805,18694.304863,14.440679,813,18859.672774,10.90172,805,18694.304863,14,14,14,0,0,0,65,65,25,0,0,0,0,0,1464,1464,551,767,90,56,9,25,25,5.497333,0.380505,0.005624,0.0,0.742325,3.446507,0.0,77.625949,1.32558,4,20794.0,24379.0,51.659564,48.148823,40.694784,26.125505,62.281001,50.696043,50.186599,48.695791,,,,,PRELIMINAR_NO_COBERTURA,INTEGRADO_GPKG_CRS_VERIFICADO_CODIGOS_SIN_ETIQUETAR,2026-10-06,SOLO_PLAN_TERRAZAS,TODOS_LOS_REGISTROS_PUBLICADOS_NO_PERIODO_COMUN
816,CHAPINERO: Pardo Rubio + Chapinero,2,Chapinero,grupo_UPZ,90|99,1303,37685.234354,4.441453,2.851096,1303,37685.234354,0.281451,1303,37685.234354,9.755321,1303,37685.234354,0.569496,1303,37685.234354,44.622228,1303,37685.234354,3.052565,1303,37685.234354,14.344608,495,14044.137191,2.045323,1222,35334.121274,16.928824,1303,37685.234354,16.166597,1303,37685.234354,1.524355,1275,36813.500989,3.013108,1272,36718.888148,2.368707,1273,36771.943018,8.398363,1303,37685.234354,4.594586,1272,36718.888148,0,0,0,0,0,0,1,1,1,0,0,0,0,0,50,50,27,14,6,3,0,0,0,6.555574,0.044859,0.030006,0.0,0.0,0.026536,0.0,1.32678,0.0,2,37752.0,39835.0,25.889843,9.055911,16.4151,11.713581,26.218392,19.394812,17.327032,18.798869,,,,,PRELIMINAR_NO_COBERTURA,INTEGRADO_GPKG_CRS_VERIFICADO_CODIGOS_SIN_ETIQUETAR,2026-10-06,SOLO_PLAN_TERRAZAS,TODOS_LOS_REGISTROS_PUBLICADOS_NO_PERIODO_COMUN
817,CHAPINERO: Chicó Lago + El Refugio,2,Chapinero,grupo_UPZ,88|97,1321,34220.162,7.578181,0.941678,1321,34220.162,0.108845,1321,34220.162,7.010646,1321,34220.162,0.395271,1321,34220.162,45.813138,1321,34220.162,1.042533,1321,34220.162,8.636631,754,19309.286357,0.075689,1250,32421.279718,3.5162,1321,34220.162,1.222299,1321,34220.162,0.58506,1313,34023.534131,0.384564,1312,33998.994834,0.52983,1311,33972.6801,5.915894,1321,34220.162,0.826202,1312,33997.219397,0,0,0,0,0,0,0,0,0,0,0,0,0,0,0,0,0,0,0,0,0,0,0,2.293264,0.0,0.0,0.0,0.0,0.0,0.0,0.0,0.0,0,34575.0,36346.0,15.302425,2.087254,1.908487,1.604729,0.923255,5.055355,4.461735,4.425981,,,,,PRELIMINAR_NO_COBERTURA,INTEGRADO_GPKG_CRS_VERIFICADO_CODIGOS_SIN_ETIQUETAR,2026-10-06,SOLO_PLAN_TERRAZAS,TODOS_LOS_REGISTROS_PUBLICADOS_NO_PERIODO_COMUN
